homePane,imagePane,pdfPane,htmlPane
https://resources.huygens.knaw.nl/retroboeken/heinsius/#page=0&accessor=toc&source=1&view=homePane,https://resources.huygens.knaw.nl/retroboeken/heinsius/#page=0&accessor=toc&source=1&view=imagePane,https://resources.huygens.knaw.nl/retroboeken/heinsius/#page=0&accessor=toc&source=1&view=pdfPane,https://resources.huygens.knaw.nl/retroboeken/heinsius/#page=0&accessor=toc&source=1&view=htmlPane
,https://resources.huygens.knaw.nl/retroboeken/heinsius/#page=1&accessor=toc&source=1&view=imagePane,https://resources.huygens.knaw.nl/retroboeken/heinsius/#page=1&accessor=toc&source=1&view=pdfPane,https://resources.huygens.knaw.nl/retroboeken/heinsius/#page=1&accessor=toc&source=1&view=htmlPane
,https://resources.huygens.knaw.nl/retroboeken/heinsius/#page=2&accessor=toc&source=1&view=imagePane,https://resources.huygens.knaw.nl/retroboeken/heinsius/#page=2&accessor=toc&source=1&view=pdfPane,https://resources.huygens.knaw.nl/retroboeken/heinsius/#page=2&accessor=toc&source=1&view=htmlPane
,https://resources.huygens.knaw.nl/retroboeken/heinsius/#page=3&accessor=toc&source=1&view=imagePane,https://resources.huygens.knaw.nl/retroboeken/heinsius/#page=3&accessor=toc&source=1&view=pdfPane,https://resources.huygens.knaw.nl/retroboeken/heinsius/#page=3&accessor=toc&source=1&view=htmlPane
,https://resources.huygens.knaw.nl/retroboeken/heinsius/#page=4&accessor=toc&source=1&view=imagePane,https://resources.huygens.knaw.nl/retroboeken/heinsius/#page=4&accessor=toc&source=1&view=pdfPane,https://resources.huygens.knaw.nl/retroboeken/heinsius/#page=4&accessor=toc&source=1&view=htmlPane
,https://resources.huygens.knaw.nl/retroboeken/heinsius/#page=5&accessor=toc&source=1&view=imagePane,https://resources.huygens.knaw.nl/retroboeken/heinsius/#page=5&accessor=toc&source=1&view=pdfPane,https://resources.huygens.knaw.nl/retroboeken/heinsius/#page=5&accessor=toc&source=1&view=htmlPane
,https://resources.huygens.knaw.nl/retroboeken/heinsius/#page=6&accessor=toc&source=1&view=imagePane,https://resources.huygens.knaw.nl/retroboeken/heinsius/#page=6&accessor=toc&source=1&view=pdfPane,https://resources.huygens.knaw.nl/retroboeken/heinsius/#page=6&accessor=toc&source=1&view=htmlPane
,https://resources.huygens.knaw.nl/retroboeken/heinsius/#page=7&accessor=toc&source=1&view=imagePane,https://resources.huygens.knaw.nl/retroboeken/heinsius/#page=7&accessor=toc&source=1&view=pdfPane,https://resources.huygens.knaw.nl/retroboeken/heinsius/#page=7&accessor=toc&source=1&view=htmlPane
,https://resources.huygens.knaw.nl/retroboeken/heinsius/#page=8&accessor=toc&source=1&view=imagePane,https://resources.huygens.knaw.nl/retroboeken/heinsius/#page=8&accessor=toc&source=1&view=pdfPane,https://resources.huygens.knaw.nl/retroboeken/heinsius/#page=8&accessor=toc&source=1&view=htmlPane
,https://resources.huygens.knaw.nl/retroboeken/heinsius/#page=9&accessor=toc&source=1&view=imagePane,https://resources.huygens.knaw.nl/retroboeken/heinsius/#page=9&accessor=toc&source=1&view=pdfPane,https://resources.huygens.knaw.nl/retroboeken/heinsius/#page=9&accessor=toc&source=1&view=htmlPane
,https://resources.huygens.knaw.nl/retroboeken/heinsius/#page=10&accessor=toc&source=1&view=imagePane,https://resources.huygens.knaw.nl/retroboeken/heinsius/#page=10&accessor=toc&source=1&view=pdfPane,https://resources.huygens.knaw.nl/retroboeken/heinsius/#page=10&accessor=toc&source=1&view=htmlPane
,https://resources.huygens.knaw.nl/retroboeken/heinsius/#page=11&accessor=toc&source=1&view=imagePane,https://resources.huygens.knaw.nl/retroboeken/heinsius/#page=11&accessor=toc&source=1&view=pdfPane,https://resources.huygens.knaw.nl/retroboeken/heinsius/#page=11&accessor=toc&source=1&view=htmlPane
,https://resources.huygens.knaw.nl/retroboeken/heinsius/#page=12&accessor=toc&source=1&view=imagePane,https://resources.huygens.knaw.nl/retroboeken/heinsius/#page=12&accessor=toc&source=1&view=pdfPane,https://resources.huygens.knaw.nl/retroboeken/heinsius/#page=12&accessor=toc&source=1&view=htmlPane
,https://resources.huygens.knaw.nl/retroboeken/heinsius/#page=13&accessor=toc&source=1&view=imagePane,https://resources.huygens.knaw.nl/retroboeken/heinsius/#page=13&accessor=toc&source=1&view=pdfPane,https://resources.huygens.knaw.nl/retroboeken/heinsius/#page=13&accessor=toc&source=1&view=htmlPane
,https://resources.huygens.knaw.nl/retroboeken/heinsius/#page=14&accessor=toc&source=1&view=imagePane,https://resources.huygens.knaw.nl/retroboeken/heinsius/#page=14&accessor=toc&source=1&view=pdfPane,https://resources.huygens.knaw.nl/retroboeken/heinsius/#page=14&accessor=toc&source=1&view=htmlPane
,https://resources.huygens.knaw.nl/retroboeken/heinsius/#page=15&accessor=toc&source=1&view=imagePane,https://resources.huygens.knaw.nl/retroboeken/heinsius/#page=15&accessor=toc&source=1&view=pdfPane,https://resources.huygens.knaw.nl/retroboeken/heinsius/#page=15&accessor=toc&source=1&view=htmlPane
,https://resources.huygens.knaw.nl/retroboeken/heinsius/#page=16&accessor=toc&source=1&view=imagePane,https://resources.huygens.knaw.nl/retroboeken/heinsius/#page=16&accessor=toc&source=1&view=pdfPane,https://resources.huygens.knaw.nl/retroboeken/heinsius/#page=16&accessor=toc&source=1&view=htmlPane
,https://resources.huygens.knaw.nl/retroboeken/heinsius/#page=17&accessor=toc&source=1&view=imagePane,https://resources.huygens.knaw.nl/retroboeken/heinsius/#page=17&accessor=toc&source=1&view=pdfPane,https://resources.huygens.knaw.nl/retroboeken/heinsius/#page=17&accessor=toc&source=1&view=htmlPane
,https://resources.huygens.knaw.nl/retroboeken/heinsius/#page=18&accessor=toc&source=1&view=imagePane,https://resources.huygens.knaw.nl/retroboeken/heinsius/#page=18&accessor=toc&source=1&view=pdfPane,https://resources.huygens.knaw.nl/retroboeken/heinsius/#page=18&accessor=toc&source=1&view=htmlPane
,https://resources.huygens.knaw.nl/retroboeken/heinsius/#page=19&accessor=toc&source=1&view=imagePane,https://resources.huygens.knaw.nl/retroboeken/heinsius/#page=19&accessor=toc&source=1&view=pdfPane,https://resources.huygens.knaw.nl/retroboeken/heinsius/#page=19&accessor=toc&source=1&view=htmlPane
,https://resources.huygens.knaw.nl/retroboeken/heinsius/#page=20&accessor=toc&source=1&view=imagePane,https://resources.huygens.knaw.nl/retroboeken/heinsius/#page=20&accessor=toc&source=1&view=pdfPane,https://resources.huygens.knaw.nl/retroboeken/heinsius/#page=20&accessor=toc&source=1&view=htmlPane
,https://resources.huygens.knaw.nl/retroboeken/heinsius/#page=21&accessor=toc&source=1&view=imagePane,https://resources.huygens.knaw.nl/retroboeken/heinsius/#page=21&accessor=toc&source=1&view=pdfPane,https://resources.huygens.knaw.nl/retroboeken/heinsius/#page=21&accessor=toc&source=1&view=htmlPane
,https://resources.huygens.knaw.nl/retroboeken/heinsius/#page=22&accessor=toc&source=1&view=imagePane,https://resources.huygens.knaw.nl/retroboeken/heinsius/#page=22&accessor=toc&source=1&view=pdfPane,https://resources.huygens.knaw.nl/retroboeken/heinsius/#page=22&accessor=toc&source=1&view=htmlPane
,https://resources.huygens.knaw.nl/retroboeken/heinsius/#page=23&accessor=toc&source=1&view=imagePane,https://resources.huygens.knaw.nl/retroboeken/heinsius/#page=23&accessor=toc&source=1&view=pdfPane,https://resources.huygens.knaw.nl/retroboeken/heinsius/#page=23&accessor=toc&source=1&view=htmlPane
,https://resources.huygens.knaw.nl/retroboeken/heinsius/#page=24&accessor=toc&source=1&view=imagePane,https://resources.huygens.knaw.nl/retroboeken/heinsius/#page=24&accessor=toc&source=1&view=pdfPane,https://resources.huygens.knaw.nl/retroboeken/heinsius/#page=24&accessor=toc&source=1&view=htmlPane
,https://resources.huygens.knaw.nl/retroboeken/heinsius/#page=25&accessor=toc&source=1&view=imagePane,https://resources.huygens.knaw.nl/retroboeken/heinsius/#page=25&accessor=toc&source=1&view=pdfPane,https://resources.huygens.knaw.nl/retroboeken/heinsius/#page=25&accessor=toc&source=1&view=htmlPane
,https://resources.huygens.knaw.nl/retroboeken/heinsius/#page=26&accessor=toc&source=1&view=imagePane,https://resources.huygens.knaw.nl/retroboeken/heinsius/#page=26&accessor=toc&source=1&view=pdfPane,https://resources.huygens.knaw.nl/retroboeken/heinsius/#page=26&accessor=toc&source=1&view=htmlPane
,https://resources.huygens.knaw.nl/retroboeken/heinsius/#page=27&accessor=toc&source=1&view=imagePane,https://resources.huygens.knaw.nl/retroboeken/heinsius/#page=27&accessor=toc&source=1&view=pdfPane,https://resources.huygens.knaw.nl/retroboeken/heinsius/#page=27&accessor=toc&source=1&view=htmlPane
,https://resources.huygens.knaw.nl/retroboeken/heinsius/#page=28&accessor=toc&source=1&view=imagePane,https://resources.huygens.knaw.nl/retroboeken/heinsius/#page=28&accessor=toc&source=1&view=pdfPane,https://resources.huygens.knaw.nl/retroboeken/heinsius/#page=28&accessor=toc&source=1&view=htmlPane
,https://resources.huygens.knaw.nl/retroboeken/heinsius/#page=29&accessor=toc&source=1&view=imagePane,https://resources.huygens.knaw.nl/retroboeken/heinsius/#page=29&accessor=toc&source=1&view=pdfPane,https://resources.huygens.knaw.nl/retroboeken/heinsius/#page=29&accessor=toc&source=1&view=htmlPane
,https://resources.huygens.knaw.nl/retroboeken/heinsius/#page=30&accessor=toc&source=1&view=imagePane,https://resources.huygens.knaw.nl/retroboeken/heinsius/#page=30&accessor=toc&source=1&view=pdfPane,https://resources.huygens.knaw.nl/retroboeken/heinsius/#page=30&accessor=toc&source=1&view=htmlPane
,https://resources.huygens.knaw.nl/retroboeken/heinsius/#page=31&accessor=toc&source=1&view=imagePane,https://resources.huygens.knaw.nl/retroboeken/heinsius/#page=31&accessor=toc&source=1&view=pdfPane,https://resources.huygens.knaw.nl/retroboeken/heinsius/#page=31&accessor=toc&source=1&view=htmlPane
,https://resources.huygens.knaw.nl/retroboeken/heinsius/#page=32&accessor=toc&source=1&view=imagePane,https://resources.huygens.knaw.nl/retroboeken/heinsius/#page=32&accessor=toc&source=1&view=pdfPane,https://resources.huygens.knaw.nl/retroboeken/heinsius/#page=32&accessor=toc&source=1&view=htmlPane
,https://resources.huygens.knaw.nl/retroboeken/heinsius/#page=33&accessor=toc&source=1&view=imagePane,https://resources.huygens.knaw.nl/retroboeken/heinsius/#page=33&accessor=toc&source=1&view=pdfPane,https://resources.huygens.knaw.nl/retroboeken/heinsius/#page=33&accessor=toc&source=1&view=htmlPane
,https://resources.huygens.knaw.nl/retroboeken/heinsius/#page=34&accessor=toc&source=1&view=imagePane,https://resources.huygens.knaw.nl/retroboeken/heinsius/#page=34&accessor=toc&source=1&view=pdfPane,https://resources.huygens.knaw.nl/retroboeken/heinsius/#page=34&accessor=toc&source=1&view=htmlPane
,https://resources.huygens.knaw.nl/retroboeken/heinsius/#page=35&accessor=toc&source=1&view=imagePane,https://resources.huygens.knaw.nl/retroboeken/heinsius/#page=35&accessor=toc&source=1&view=pdfPane,https://resources.huygens.knaw.nl/retroboeken/heinsius/#page=35&accessor=toc&source=1&view=htmlPane
,https://resources.huygens.knaw.nl/retroboeken/heinsius/#page=36&accessor=toc&source=1&view=imagePane,https://resources.huygens.knaw.nl/retroboeken/heinsius/#page=36&accessor=toc&source=1&view=pdfPane,https://resources.huygens.knaw.nl/retroboeken/heinsius/#page=36&accessor=toc&source=1&view=htmlPane
,https://resources.huygens.knaw.nl/retroboeken/heinsius/#page=37&accessor=toc&source=1&view=imagePane,https://resources.huygens.knaw.nl/retroboeken/heinsius/#page=37&accessor=toc&source=1&view=pdfPane,https://resources.huygens.knaw.nl/retroboeken/heinsius/#page=37&accessor=toc&source=1&view=htmlPane
,https://resources.huygens.knaw.nl/retroboeken/heinsius/#page=38&accessor=toc&source=1&view=imagePane,https://resources.huygens.knaw.nl/retroboeken/heinsius/#page=38&accessor=toc&source=1&view=pdfPane,https://resources.huygens.knaw.nl/retroboeken/heinsius/#page=38&accessor=toc&source=1&view=htmlPane
,https://resources.huygens.knaw.nl/retroboeken/heinsius/#page=39&accessor=toc&source=1&view=imagePane,https://resources.huygens.knaw.nl/retroboeken/heinsius/#page=39&accessor=toc&source=1&view=pdfPane,https://resources.huygens.knaw.nl/retroboeken/heinsius/#page=39&accessor=toc&source=1&view=htmlPane
,https://resources.huygens.knaw.nl/retroboeken/heinsius/#page=40&accessor=toc&source=1&view=imagePane,https://resources.huygens.knaw.nl/retroboeken/heinsius/#page=40&accessor=toc&source=1&view=pdfPane,https://resources.huygens.knaw.nl/retroboeken/heinsius/#page=40&accessor=toc&source=1&view=htmlPane
,https://resources.huygens.knaw.nl/retroboeken/heinsius/#page=41&accessor=toc&source=1&view=imagePane,https://resources.huygens.knaw.nl/retroboeken/heinsius/#page=41&accessor=toc&source=1&view=pdfPane,https://resources.huygens.knaw.nl/retroboeken/heinsius/#page=41&accessor=toc&source=1&view=htmlPane
,https://resources.huygens.knaw.nl/retroboeken/heinsius/#page=42&accessor=toc&source=1&view=imagePane,https://resources.huygens.knaw.nl/retroboeken/heinsius/#page=42&accessor=toc&source=1&view=pdfPane,https://resources.huygens.knaw.nl/retroboeken/heinsius/#page=42&accessor=toc&source=1&view=htmlPane
,https://resources.huygens.knaw.nl/retroboeken/heinsius/#page=43&accessor=toc&source=1&view=imagePane,https://resources.huygens.knaw.nl/retroboeken/heinsius/#page=43&accessor=toc&source=1&view=pdfPane,https://resources.huygens.knaw.nl/retroboeken/heinsius/#page=43&accessor=toc&source=1&view=htmlPane
,https://resources.huygens.knaw.nl/retroboeken/heinsius/#page=44&accessor=toc&source=1&view=imagePane,https://resources.huygens.knaw.nl/retroboeken/heinsius/#page=44&accessor=toc&source=1&view=pdfPane,https://resources.huygens.knaw.nl/retroboeken/heinsius/#page=44&accessor=toc&source=1&view=htmlPane
,https://resources.huygens.knaw.nl/retroboeken/heinsius/#page=45&accessor=toc&source=1&view=imagePane,https://resources.huygens.knaw.nl/retroboeken/heinsius/#page=45&accessor=toc&source=1&view=pdfPane,https://resources.huygens.knaw.nl/retroboeken/heinsius/#page=45&accessor=toc&source=1&view=htmlPane
,https://resources.huygens.knaw.nl/retroboeken/heinsius/#page=46&accessor=toc&source=1&view=imagePane,https://resources.huygens.knaw.nl/retroboeken/heinsius/#page=46&accessor=toc&source=1&view=pdfPane,https://resources.huygens.knaw.nl/retroboeken/heinsius/#page=46&accessor=toc&source=1&view=htmlPane
,https://resources.huygens.knaw.nl/retroboeken/heinsius/#page=47&accessor=toc&source=1&view=imagePane,https://resources.huygens.knaw.nl/retroboeken/heinsius/#page=47&accessor=toc&source=1&view=pdfPane,https://resources.huygens.knaw.nl/retroboeken/heinsius/#page=47&accessor=toc&source=1&view=htmlPane
,https://resources.huygens.knaw.nl/retroboeken/heinsius/#page=48&accessor=toc&source=1&view=imagePane,https://resources.huygens.knaw.nl/retroboeken/heinsius/#page=48&accessor=toc&source=1&view=pdfPane,https://resources.huygens.knaw.nl/retroboeken/heinsius/#page=48&accessor=toc&source=1&view=htmlPane
,https://resources.huygens.knaw.nl/retroboeken/heinsius/#page=49&accessor=toc&source=1&view=imagePane,https://resources.huygens.knaw.nl/retroboeken/heinsius/#page=49&accessor=toc&source=1&view=pdfPane,https://resources.huygens.knaw.nl/retroboeken/heinsius/#page=49&accessor=toc&source=1&view=htmlPane
,https://resources.huygens.knaw.nl/retroboeken/heinsius/#page=50&accessor=toc&source=1&view=imagePane,https://resources.huygens.knaw.nl/retroboeken/heinsius/#page=50&accessor=toc&source=1&view=pdfPane,https://resources.huygens.knaw.nl/retroboeken/heinsius/#page=50&accessor=toc&source=1&view=htmlPane
,https://resources.huygens.knaw.nl/retroboeken/heinsius/#page=51&accessor=toc&source=1&view=imagePane,https://resources.huygens.knaw.nl/retroboeken/heinsius/#page=51&accessor=toc&source=1&view=pdfPane,https://resources.huygens.knaw.nl/retroboeken/heinsius/#page=51&accessor=toc&source=1&view=htmlPane
,https://resources.huygens.knaw.nl/retroboeken/heinsius/#page=52&accessor=toc&source=1&view=imagePane,https://resources.huygens.knaw.nl/retroboeken/heinsius/#page=52&accessor=toc&source=1&view=pdfPane,https://resources.huygens.knaw.nl/retroboeken/heinsius/#page=52&accessor=toc&source=1&view=htmlPane
,https://resources.huygens.knaw.nl/retroboeken/heinsius/#page=53&accessor=toc&source=1&view=imagePane,https://resources.huygens.knaw.nl/retroboeken/heinsius/#page=53&accessor=toc&source=1&view=pdfPane,https://resources.huygens.knaw.nl/retroboeken/heinsius/#page=53&accessor=toc&source=1&view=htmlPane
,https://resources.huygens.knaw.nl/retroboeken/heinsius/#page=54&accessor=toc&source=1&view=imagePane,https://resources.huygens.knaw.nl/retroboeken/heinsius/#page=54&accessor=toc&source=1&view=pdfPane,https://resources.huygens.knaw.nl/retroboeken/heinsius/#page=54&accessor=toc&source=1&view=htmlPane
,https://resources.huygens.knaw.nl/retroboeken/heinsius/#page=55&accessor=toc&source=1&view=imagePane,https://resources.huygens.knaw.nl/retroboeken/heinsius/#page=55&accessor=toc&source=1&view=pdfPane,https://resources.huygens.knaw.nl/retroboeken/heinsius/#page=55&accessor=toc&source=1&view=htmlPane
,https://resources.huygens.knaw.nl/retroboeken/heinsius/#page=56&accessor=toc&source=1&view=imagePane,https://resources.huygens.knaw.nl/retroboeken/heinsius/#page=56&accessor=toc&source=1&view=pdfPane,https://resources.huygens.knaw.nl/retroboeken/heinsius/#page=56&accessor=toc&source=1&view=htmlPane
,https://resources.huygens.knaw.nl/retroboeken/heinsius/#page=57&accessor=toc&source=1&view=imagePane,https://resources.huygens.knaw.nl/retroboeken/heinsius/#page=57&accessor=toc&source=1&view=pdfPane,https://resources.huygens.knaw.nl/retroboeken/heinsius/#page=57&accessor=toc&source=1&view=htmlPane
,https://resources.huygens.knaw.nl/retroboeken/heinsius/#page=58&accessor=toc&source=1&view=imagePane,https://resources.huygens.knaw.nl/retroboeken/heinsius/#page=58&accessor=toc&source=1&view=pdfPane,https://resources.huygens.knaw.nl/retroboeken/heinsius/#page=58&accessor=toc&source=1&view=htmlPane
,https://resources.huygens.knaw.nl/retroboeken/heinsius/#page=59&accessor=toc&source=1&view=imagePane,https://resources.huygens.knaw.nl/retroboeken/heinsius/#page=59&accessor=toc&source=1&view=pdfPane,https://resources.huygens.knaw.nl/retroboeken/heinsius/#page=59&accessor=toc&source=1&view=htmlPane
,https://resources.huygens.knaw.nl/retroboeken/heinsius/#page=60&accessor=toc&source=1&view=imagePane,https://resources.huygens.knaw.nl/retroboeken/heinsius/#page=60&accessor=toc&source=1&view=pdfPane,https://resources.huygens.knaw.nl/retroboeken/heinsius/#page=60&accessor=toc&source=1&view=htmlPane
,https://resources.huygens.knaw.nl/retroboeken/heinsius/#page=61&accessor=toc&source=1&view=imagePane,https://resources.huygens.knaw.nl/retroboeken/heinsius/#page=61&accessor=toc&source=1&view=pdfPane,https://resources.huygens.knaw.nl/retroboeken/heinsius/#page=61&accessor=toc&source=1&view=htmlPane
,https://resources.huygens.knaw.nl/retroboeken/heinsius/#page=62&accessor=toc&source=1&view=imagePane,https://resources.huygens.knaw.nl/retroboeken/heinsius/#page=62&accessor=toc&source=1&view=pdfPane,https://resources.huygens.knaw.nl/retroboeken/heinsius/#page=62&accessor=toc&source=1&view=htmlPane
,https://resources.huygens.knaw.nl/retroboeken/heinsius/#page=63&accessor=toc&source=1&view=imagePane,https://resources.huygens.knaw.nl/retroboeken/heinsius/#page=63&accessor=toc&source=1&view=pdfPane,https://resources.huygens.knaw.nl/retroboeken/heinsius/#page=63&accessor=toc&source=1&view=htmlPane
,https://resources.huygens.knaw.nl/retroboeken/heinsius/#page=64&accessor=toc&source=1&view=imagePane,https://resources.huygens.knaw.nl/retroboeken/heinsius/#page=64&accessor=toc&source=1&view=pdfPane,https://resources.huygens.knaw.nl/retroboeken/heinsius/#page=64&accessor=toc&source=1&view=htmlPane
,https://resources.huygens.knaw.nl/retroboeken/heinsius/#page=65&accessor=toc&source=1&view=imagePane,https://resources.huygens.knaw.nl/retroboeken/heinsius/#page=65&accessor=toc&source=1&view=pdfPane,https://resources.huygens.knaw.nl/retroboeken/heinsius/#page=65&accessor=toc&source=1&view=htmlPane
,https://resources.huygens.knaw.nl/retroboeken/heinsius/#page=66&accessor=toc&source=1&view=imagePane,https://resources.huygens.knaw.nl/retroboeken/heinsius/#page=66&accessor=toc&source=1&view=pdfPane,https://resources.huygens.knaw.nl/retroboeken/heinsius/#page=66&accessor=toc&source=1&view=htmlPane
,https://resources.huygens.knaw.nl/retroboeken/heinsius/#page=67&accessor=toc&source=1&view=imagePane,https://resources.huygens.knaw.nl/retroboeken/heinsius/#page=67&accessor=toc&source=1&view=pdfPane,https://resources.huygens.knaw.nl/retroboeken/heinsius/#page=67&accessor=toc&source=1&view=htmlPane
,https://resources.huygens.knaw.nl/retroboeken/heinsius/#page=68&accessor=toc&source=1&view=imagePane,https://resources.huygens.knaw.nl/retroboeken/heinsius/#page=68&accessor=toc&source=1&view=pdfPane,https://resources.huygens.knaw.nl/retroboeken/heinsius/#page=68&accessor=toc&source=1&view=htmlPane
,https://resources.huygens.knaw.nl/retroboeken/heinsius/#page=69&accessor=toc&source=1&view=imagePane,https://resources.huygens.knaw.nl/retroboeken/heinsius/#page=69&accessor=toc&source=1&view=pdfPane,https://resources.huygens.knaw.nl/retroboeken/heinsius/#page=69&accessor=toc&source=1&view=htmlPane
,https://resources.huygens.knaw.nl/retroboeken/heinsius/#page=70&accessor=toc&source=1&view=imagePane,https://resources.huygens.knaw.nl/retroboeken/heinsius/#page=70&accessor=toc&source=1&view=pdfPane,https://resources.huygens.knaw.nl/retroboeken/heinsius/#page=70&accessor=toc&source=1&view=htmlPane
,https://resources.huygens.knaw.nl/retroboeken/heinsius/#page=71&accessor=toc&source=1&view=imagePane,https://resources.huygens.knaw.nl/retroboeken/heinsius/#page=71&accessor=toc&source=1&view=pdfPane,https://resources.huygens.knaw.nl/retroboeken/heinsius/#page=71&accessor=toc&source=1&view=htmlPane
,https://resources.huygens.knaw.nl/retroboeken/heinsius/#page=72&accessor=toc&source=1&view=imagePane,https://resources.huygens.knaw.nl/retroboeken/heinsius/#page=72&accessor=toc&source=1&view=pdfPane,https://resources.huygens.knaw.nl/retroboeken/heinsius/#page=72&accessor=toc&source=1&view=htmlPane
,https://resources.huygens.knaw.nl/retroboeken/heinsius/#page=73&accessor=toc&source=1&view=imagePane,https://resources.huygens.knaw.nl/retroboeken/heinsius/#page=73&accessor=toc&source=1&view=pdfPane,https://resources.huygens.knaw.nl/retroboeken/heinsius/#page=73&accessor=toc&source=1&view=htmlPane
,https://resources.huygens.knaw.nl/retroboeken/heinsius/#page=74&accessor=toc&source=1&view=imagePane,https://resources.huygens.knaw.nl/retroboeken/heinsius/#page=74&accessor=toc&source=1&view=pdfPane,https://resources.huygens.knaw.nl/retroboeken/heinsius/#page=74&accessor=toc&source=1&view=htmlPane
,https://resources.huygens.knaw.nl/retroboeken/heinsius/#page=75&accessor=toc&source=1&view=imagePane,https://resources.huygens.knaw.nl/retroboeken/heinsius/#page=75&accessor=toc&source=1&view=pdfPane,https://resources.huygens.knaw.nl/retroboeken/heinsius/#page=75&accessor=toc&source=1&view=htmlPane
,https://resources.huygens.knaw.nl/retroboeken/heinsius/#page=76&accessor=toc&source=1&view=imagePane,https://resources.huygens.knaw.nl/retroboeken/heinsius/#page=76&accessor=toc&source=1&view=pdfPane,https://resources.huygens.knaw.nl/retroboeken/heinsius/#page=76&accessor=toc&source=1&view=htmlPane
,https://resources.huygens.knaw.nl/retroboeken/heinsius/#page=77&accessor=toc&source=1&view=imagePane,https://resources.huygens.knaw.nl/retroboeken/heinsius/#page=77&accessor=toc&source=1&view=pdfPane,https://resources.huygens.knaw.nl/retroboeken/heinsius/#page=77&accessor=toc&source=1&view=htmlPane
,https://resources.huygens.knaw.nl/retroboeken/heinsius/#page=78&accessor=toc&source=1&view=imagePane,https://resources.huygens.knaw.nl/retroboeken/heinsius/#page=78&accessor=toc&source=1&view=pdfPane,https://resources.huygens.knaw.nl/retroboeken/heinsius/#page=78&accessor=toc&source=1&view=htmlPane
,https://resources.huygens.knaw.nl/retroboeken/heinsius/#page=79&accessor=toc&source=1&view=imagePane,https://resources.huygens.knaw.nl/retroboeken/heinsius/#page=79&accessor=toc&source=1&view=pdfPane,https://resources.huygens.knaw.nl/retroboeken/heinsius/#page=79&accessor=toc&source=1&view=htmlPane
,https://resources.huygens.knaw.nl/retroboeken/heinsius/#page=80&accessor=toc&source=1&view=imagePane,https://resources.huygens.knaw.nl/retroboeken/heinsius/#page=80&accessor=toc&source=1&view=pdfPane,https://resources.huygens.knaw.nl/retroboeken/heinsius/#page=80&accessor=toc&source=1&view=htmlPane
,https://resources.huygens.knaw.nl/retroboeken/heinsius/#page=81&accessor=toc&source=1&view=imagePane,https://resources.huygens.knaw.nl/retroboeken/heinsius/#page=81&accessor=toc&source=1&view=pdfPane,https://resources.huygens.knaw.nl/retroboeken/heinsius/#page=81&accessor=toc&source=1&view=htmlPane
,https://resources.huygens.knaw.nl/retroboeken/heinsius/#page=82&accessor=toc&source=1&view=imagePane,https://resources.huygens.knaw.nl/retroboeken/heinsius/#page=82&accessor=toc&source=1&view=pdfPane,https://resources.huygens.knaw.nl/retroboeken/heinsius/#page=82&accessor=toc&source=1&view=htmlPane
,https://resources.huygens.knaw.nl/retroboeken/heinsius/#page=83&accessor=toc&source=1&view=imagePane,https://resources.huygens.knaw.nl/retroboeken/heinsius/#page=83&accessor=toc&source=1&view=pdfPane,https://resources.huygens.knaw.nl/retroboeken/heinsius/#page=83&accessor=toc&source=1&view=htmlPane
,https://resources.huygens.knaw.nl/retroboeken/heinsius/#page=84&accessor=toc&source=1&view=imagePane,https://resources.huygens.knaw.nl/retroboeken/heinsius/#page=84&accessor=toc&source=1&view=pdfPane,https://resources.huygens.knaw.nl/retroboeken/heinsius/#page=84&accessor=toc&source=1&view=htmlPane
,https://resources.huygens.knaw.nl/retroboeken/heinsius/#page=85&accessor=toc&source=1&view=imagePane,https://resources.huygens.knaw.nl/retroboeken/heinsius/#page=85&accessor=toc&source=1&view=pdfPane,https://resources.huygens.knaw.nl/retroboeken/heinsius/#page=85&accessor=toc&source=1&view=htmlPane
,https://resources.huygens.knaw.nl/retroboeken/heinsius/#page=86&accessor=toc&source=1&view=imagePane,https://resources.huygens.knaw.nl/retroboeken/heinsius/#page=86&accessor=toc&source=1&view=pdfPane,https://resources.huygens.knaw.nl/retroboeken/heinsius/#page=86&accessor=toc&source=1&view=htmlPane
,https://resources.huygens.knaw.nl/retroboeken/heinsius/#page=87&accessor=toc&source=1&view=imagePane,https://resources.huygens.knaw.nl/retroboeken/heinsius/#page=87&accessor=toc&source=1&view=pdfPane,https://resources.huygens.knaw.nl/retroboeken/heinsius/#page=87&accessor=toc&source=1&view=htmlPane
,https://resources.huygens.knaw.nl/retroboeken/heinsius/#page=88&accessor=toc&source=1&view=imagePane,https://resources.huygens.knaw.nl/retroboeken/heinsius/#page=88&accessor=toc&source=1&view=pdfPane,https://resources.huygens.knaw.nl/retroboeken/heinsius/#page=88&accessor=toc&source=1&view=htmlPane
,https://resources.huygens.knaw.nl/retroboeken/heinsius/#page=89&accessor=toc&source=1&view=imagePane,https://resources.huygens.knaw.nl/retroboeken/heinsius/#page=89&accessor=toc&source=1&view=pdfPane,https://resources.huygens.knaw.nl/retroboeken/heinsius/#page=89&accessor=toc&source=1&view=htmlPane
,https://resources.huygens.knaw.nl/retroboeken/heinsius/#page=90&accessor=toc&source=1&view=imagePane,https://resources.huygens.knaw.nl/retroboeken/heinsius/#page=90&accessor=toc&source=1&view=pdfPane,https://resources.huygens.knaw.nl/retroboeken/heinsius/#page=90&accessor=toc&source=1&view=htmlPane
,https://resources.huygens.knaw.nl/retroboeken/heinsius/#page=91&accessor=toc&source=1&view=imagePane,https://resources.huygens.knaw.nl/retroboeken/heinsius/#page=91&accessor=toc&source=1&view=pdfPane,https://resources.huygens.knaw.nl/retroboeken/heinsius/#page=91&accessor=toc&source=1&view=htmlPane
,https://resources.huygens.knaw.nl/retroboeken/heinsius/#page=92&accessor=toc&source=1&view=imagePane,https://resources.huygens.knaw.nl/retroboeken/heinsius/#page=92&accessor=toc&source=1&view=pdfPane,https://resources.huygens.knaw.nl/retroboeken/heinsius/#page=92&accessor=toc&source=1&view=htmlPane
,https://resources.huygens.knaw.nl/retroboeken/heinsius/#page=93&accessor=toc&source=1&view=imagePane,https://resources.huygens.knaw.nl/retroboeken/heinsius/#page=93&accessor=toc&source=1&view=pdfPane,https://resources.huygens.knaw.nl/retroboeken/heinsius/#page=93&accessor=toc&source=1&view=htmlPane
,https://resources.huygens.knaw.nl/retroboeken/heinsius/#page=94&accessor=toc&source=1&view=imagePane,https://resources.huygens.knaw.nl/retroboeken/heinsius/#page=94&accessor=toc&source=1&view=pdfPane,https://resources.huygens.knaw.nl/retroboeken/heinsius/#page=94&accessor=toc&source=1&view=htmlPane
,https://resources.huygens.knaw.nl/retroboeken/heinsius/#page=95&accessor=toc&source=1&view=imagePane,https://resources.huygens.knaw.nl/retroboeken/heinsius/#page=95&accessor=toc&source=1&view=pdfPane,https://resources.huygens.knaw.nl/retroboeken/heinsius/#page=95&accessor=toc&source=1&view=htmlPane
,https://resources.huygens.knaw.nl/retroboeken/heinsius/#page=96&accessor=toc&source=1&view=imagePane,https://resources.huygens.knaw.nl/retroboeken/heinsius/#page=96&accessor=toc&source=1&view=pdfPane,https://resources.huygens.knaw.nl/retroboeken/heinsius/#page=96&accessor=toc&source=1&view=htmlPane
,https://resources.huygens.knaw.nl/retroboeken/heinsius/#page=97&accessor=toc&source=1&view=imagePane,https://resources.huygens.knaw.nl/retroboeken/heinsius/#page=97&accessor=toc&source=1&view=pdfPane,https://resources.huygens.knaw.nl/retroboeken/heinsius/#page=97&accessor=toc&source=1&view=htmlPane
,https://resources.huygens.knaw.nl/retroboeken/heinsius/#page=98&accessor=toc&source=1&view=imagePane,https://resources.huygens.knaw.nl/retroboeken/heinsius/#page=98&accessor=toc&source=1&view=pdfPane,https://resources.huygens.knaw.nl/retroboeken/heinsius/#page=98&accessor=toc&source=1&view=htmlPane
,https://resources.huygens.knaw.nl/retroboeken/heinsius/#page=99&accessor=toc&source=1&view=imagePane,https://resources.huygens.knaw.nl/retroboeken/heinsius/#page=99&accessor=toc&source=1&view=pdfPane,https://resources.huygens.knaw.nl/retroboeken/heinsius/#page=99&accessor=toc&source=1&view=htmlPane
,https://resources.huygens.knaw.nl/retroboeken/heinsius/#page=100&accessor=toc&source=1&view=imagePane,https://resources.huygens.knaw.nl/retroboeken/heinsius/#page=100&accessor=toc&source=1&view=pdfPane,https://resources.huygens.knaw.nl/retroboeken/heinsius/#page=100&accessor=toc&source=1&view=htmlPane
,https://resources.huygens.knaw.nl/retroboeken/heinsius/#page=101&accessor=toc&source=1&view=imagePane,https://resources.huygens.knaw.nl/retroboeken/heinsius/#page=101&accessor=toc&source=1&view=pdfPane,https://resources.huygens.knaw.nl/retroboeken/heinsius/#page=101&accessor=toc&source=1&view=htmlPane
,https://resources.huygens.knaw.nl/retroboeken/heinsius/#page=102&accessor=toc&source=1&view=imagePane,https://resources.huygens.knaw.nl/retroboeken/heinsius/#page=102&accessor=toc&source=1&view=pdfPane,https://resources.huygens.knaw.nl/retroboeken/heinsius/#page=102&accessor=toc&source=1&view=htmlPane
,https://resources.huygens.knaw.nl/retroboeken/heinsius/#page=103&accessor=toc&source=1&view=imagePane,https://resources.huygens.knaw.nl/retroboeken/heinsius/#page=103&accessor=toc&source=1&view=pdfPane,https://resources.huygens.knaw.nl/retroboeken/heinsius/#page=103&accessor=toc&source=1&view=htmlPane
,https://resources.huygens.knaw.nl/retroboeken/heinsius/#page=104&accessor=toc&source=1&view=imagePane,https://resources.huygens.knaw.nl/retroboeken/heinsius/#page=104&accessor=toc&source=1&view=pdfPane,https://resources.huygens.knaw.nl/retroboeken/heinsius/#page=104&accessor=toc&source=1&view=htmlPane
,https://resources.huygens.knaw.nl/retroboeken/heinsius/#page=105&accessor=toc&source=1&view=imagePane,https://resources.huygens.knaw.nl/retroboeken/heinsius/#page=105&accessor=toc&source=1&view=pdfPane,https://resources.huygens.knaw.nl/retroboeken/heinsius/#page=105&accessor=toc&source=1&view=htmlPane
,https://resources.huygens.knaw.nl/retroboeken/heinsius/#page=106&accessor=toc&source=1&view=imagePane,https://resources.huygens.knaw.nl/retroboeken/heinsius/#page=106&accessor=toc&source=1&view=pdfPane,https://resources.huygens.knaw.nl/retroboeken/heinsius/#page=106&accessor=toc&source=1&view=htmlPane
,https://resources.huygens.knaw.nl/retroboeken/heinsius/#page=107&accessor=toc&source=1&view=imagePane,https://resources.huygens.knaw.nl/retroboeken/heinsius/#page=107&accessor=toc&source=1&view=pdfPane,https://resources.huygens.knaw.nl/retroboeken/heinsius/#page=107&accessor=toc&source=1&view=htmlPane
,https://resources.huygens.knaw.nl/retroboeken/heinsius/#page=108&accessor=toc&source=1&view=imagePane,https://resources.huygens.knaw.nl/retroboeken/heinsius/#page=108&accessor=toc&source=1&view=pdfPane,https://resources.huygens.knaw.nl/retroboeken/heinsius/#page=108&accessor=toc&source=1&view=htmlPane
,https://resources.huygens.knaw.nl/retroboeken/heinsius/#page=109&accessor=toc&source=1&view=imagePane,https://resources.huygens.knaw.nl/retroboeken/heinsius/#page=109&accessor=toc&source=1&view=pdfPane,https://resources.huygens.knaw.nl/retroboeken/heinsius/#page=109&accessor=toc&source=1&view=htmlPane
,https://resources.huygens.knaw.nl/retroboeken/heinsius/#page=110&accessor=toc&source=1&view=imagePane,https://resources.huygens.knaw.nl/retroboeken/heinsius/#page=110&accessor=toc&source=1&view=pdfPane,https://resources.huygens.knaw.nl/retroboeken/heinsius/#page=110&accessor=toc&source=1&view=htmlPane
,https://resources.huygens.knaw.nl/retroboeken/heinsius/#page=111&accessor=toc&source=1&view=imagePane,https://resources.huygens.knaw.nl/retroboeken/heinsius/#page=111&accessor=toc&source=1&view=pdfPane,https://resources.huygens.knaw.nl/retroboeken/heinsius/#page=111&accessor=toc&source=1&view=htmlPane
,https://resources.huygens.knaw.nl/retroboeken/heinsius/#page=112&accessor=toc&source=1&view=imagePane,https://resources.huygens.knaw.nl/retroboeken/heinsius/#page=112&accessor=toc&source=1&view=pdfPane,https://resources.huygens.knaw.nl/retroboeken/heinsius/#page=112&accessor=toc&source=1&view=htmlPane
,https://resources.huygens.knaw.nl/retroboeken/heinsius/#page=113&accessor=toc&source=1&view=imagePane,https://resources.huygens.knaw.nl/retroboeken/heinsius/#page=113&accessor=toc&source=1&view=pdfPane,https://resources.huygens.knaw.nl/retroboeken/heinsius/#page=113&accessor=toc&source=1&view=htmlPane
,https://resources.huygens.knaw.nl/retroboeken/heinsius/#page=114&accessor=toc&source=1&view=imagePane,https://resources.huygens.knaw.nl/retroboeken/heinsius/#page=114&accessor=toc&source=1&view=pdfPane,https://resources.huygens.knaw.nl/retroboeken/heinsius/#page=114&accessor=toc&source=1&view=htmlPane
,https://resources.huygens.knaw.nl/retroboeken/heinsius/#page=115&accessor=toc&source=1&view=imagePane,https://resources.huygens.knaw.nl/retroboeken/heinsius/#page=115&accessor=toc&source=1&view=pdfPane,https://resources.huygens.knaw.nl/retroboeken/heinsius/#page=115&accessor=toc&source=1&view=htmlPane
,https://resources.huygens.knaw.nl/retroboeken/heinsius/#page=116&accessor=toc&source=1&view=imagePane,https://resources.huygens.knaw.nl/retroboeken/heinsius/#page=116&accessor=toc&source=1&view=pdfPane,https://resources.huygens.knaw.nl/retroboeken/heinsius/#page=116&accessor=toc&source=1&view=htmlPane
,https://resources.huygens.knaw.nl/retroboeken/heinsius/#page=117&accessor=toc&source=1&view=imagePane,https://resources.huygens.knaw.nl/retroboeken/heinsius/#page=117&accessor=toc&source=1&view=pdfPane,https://resources.huygens.knaw.nl/retroboeken/heinsius/#page=117&accessor=toc&source=1&view=htmlPane
,https://resources.huygens.knaw.nl/retroboeken/heinsius/#page=118&accessor=toc&source=1&view=imagePane,https://resources.huygens.knaw.nl/retroboeken/heinsius/#page=118&accessor=toc&source=1&view=pdfPane,https://resources.huygens.knaw.nl/retroboeken/heinsius/#page=118&accessor=toc&source=1&view=htmlPane
,https://resources.huygens.knaw.nl/retroboeken/heinsius/#page=119&accessor=toc&source=1&view=imagePane,https://resources.huygens.knaw.nl/retroboeken/heinsius/#page=119&accessor=toc&source=1&view=pdfPane,https://resources.huygens.knaw.nl/retroboeken/heinsius/#page=119&accessor=toc&source=1&view=htmlPane
,https://resources.huygens.knaw.nl/retroboeken/heinsius/#page=120&accessor=toc&source=1&view=imagePane,https://resources.huygens.knaw.nl/retroboeken/heinsius/#page=120&accessor=toc&source=1&view=pdfPane,https://resources.huygens.knaw.nl/retroboeken/heinsius/#page=120&accessor=toc&source=1&view=htmlPane
,https://resources.huygens.knaw.nl/retroboeken/heinsius/#page=121&accessor=toc&source=1&view=imagePane,https://resources.huygens.knaw.nl/retroboeken/heinsius/#page=121&accessor=toc&source=1&view=pdfPane,https://resources.huygens.knaw.nl/retroboeken/heinsius/#page=121&accessor=toc&source=1&view=htmlPane
,https://resources.huygens.knaw.nl/retroboeken/heinsius/#page=122&accessor=toc&source=1&view=imagePane,https://resources.huygens.knaw.nl/retroboeken/heinsius/#page=122&accessor=toc&source=1&view=pdfPane,https://resources.huygens.knaw.nl/retroboeken/heinsius/#page=122&accessor=toc&source=1&view=htmlPane
,https://resources.huygens.knaw.nl/retroboeken/heinsius/#page=123&accessor=toc&source=1&view=imagePane,https://resources.huygens.knaw.nl/retroboeken/heinsius/#page=123&accessor=toc&source=1&view=pdfPane,https://resources.huygens.knaw.nl/retroboeken/heinsius/#page=123&accessor=toc&source=1&view=htmlPane
,https://resources.huygens.knaw.nl/retroboeken/heinsius/#page=124&accessor=toc&source=1&view=imagePane,https://resources.huygens.knaw.nl/retroboeken/heinsius/#page=124&accessor=toc&source=1&view=pdfPane,https://resources.huygens.knaw.nl/retroboeken/heinsius/#page=124&accessor=toc&source=1&view=htmlPane
,https://resources.huygens.knaw.nl/retroboeken/heinsius/#page=125&accessor=toc&source=1&view=imagePane,https://resources.huygens.knaw.nl/retroboeken/heinsius/#page=125&accessor=toc&source=1&view=pdfPane,https://resources.huygens.knaw.nl/retroboeken/heinsius/#page=125&accessor=toc&source=1&view=htmlPane
,https://resources.huygens.knaw.nl/retroboeken/heinsius/#page=126&accessor=toc&source=1&view=imagePane,https://resources.huygens.knaw.nl/retroboeken/heinsius/#page=126&accessor=toc&source=1&view=pdfPane,https://resources.huygens.knaw.nl/retroboeken/heinsius/#page=126&accessor=toc&source=1&view=htmlPane
,https://resources.huygens.knaw.nl/retroboeken/heinsius/#page=127&accessor=toc&source=1&view=imagePane,https://resources.huygens.knaw.nl/retroboeken/heinsius/#page=127&accessor=toc&source=1&view=pdfPane,https://resources.huygens.knaw.nl/retroboeken/heinsius/#page=127&accessor=toc&source=1&view=htmlPane
,https://resources.huygens.knaw.nl/retroboeken/heinsius/#page=128&accessor=toc&source=1&view=imagePane,https://resources.huygens.knaw.nl/retroboeken/heinsius/#page=128&accessor=toc&source=1&view=pdfPane,https://resources.huygens.knaw.nl/retroboeken/heinsius/#page=128&accessor=toc&source=1&view=htmlPane
,https://resources.huygens.knaw.nl/retroboeken/heinsius/#page=129&accessor=toc&source=1&view=imagePane,https://resources.huygens.knaw.nl/retroboeken/heinsius/#page=129&accessor=toc&source=1&view=pdfPane,https://resources.huygens.knaw.nl/retroboeken/heinsius/#page=129&accessor=toc&source=1&view=htmlPane
,https://resources.huygens.knaw.nl/retroboeken/heinsius/#page=130&accessor=toc&source=1&view=imagePane,https://resources.huygens.knaw.nl/retroboeken/heinsius/#page=130&accessor=toc&source=1&view=pdfPane,https://resources.huygens.knaw.nl/retroboeken/heinsius/#page=130&accessor=toc&source=1&view=htmlPane
,https://resources.huygens.knaw.nl/retroboeken/heinsius/#page=131&accessor=toc&source=1&view=imagePane,https://resources.huygens.knaw.nl/retroboeken/heinsius/#page=131&accessor=toc&source=1&view=pdfPane,https://resources.huygens.knaw.nl/retroboeken/heinsius/#page=131&accessor=toc&source=1&view=htmlPane
,https://resources.huygens.knaw.nl/retroboeken/heinsius/#page=132&accessor=toc&source=1&view=imagePane,https://resources.huygens.knaw.nl/retroboeken/heinsius/#page=132&accessor=toc&source=1&view=pdfPane,https://resources.huygens.knaw.nl/retroboeken/heinsius/#page=132&accessor=toc&source=1&view=htmlPane
,https://resources.huygens.knaw.nl/retroboeken/heinsius/#page=133&accessor=toc&source=1&view=imagePane,https://resources.huygens.knaw.nl/retroboeken/heinsius/#page=133&accessor=toc&source=1&view=pdfPane,https://resources.huygens.knaw.nl/retroboeken/heinsius/#page=133&accessor=toc&source=1&view=htmlPane
,https://resources.huygens.knaw.nl/retroboeken/heinsius/#page=134&accessor=toc&source=1&view=imagePane,https://resources.huygens.knaw.nl/retroboeken/heinsius/#page=134&accessor=toc&source=1&view=pdfPane,https://resources.huygens.knaw.nl/retroboeken/heinsius/#page=134&accessor=toc&source=1&view=htmlPane
,https://resources.huygens.knaw.nl/retroboeken/heinsius/#page=135&accessor=toc&source=1&view=imagePane,https://resources.huygens.knaw.nl/retroboeken/heinsius/#page=135&accessor=toc&source=1&view=pdfPane,https://resources.huygens.knaw.nl/retroboeken/heinsius/#page=135&accessor=toc&source=1&view=htmlPane
,https://resources.huygens.knaw.nl/retroboeken/heinsius/#page=136&accessor=toc&source=1&view=imagePane,https://resources.huygens.knaw.nl/retroboeken/heinsius/#page=136&accessor=toc&source=1&view=pdfPane,https://resources.huygens.knaw.nl/retroboeken/heinsius/#page=136&accessor=toc&source=1&view=htmlPane
,https://resources.huygens.knaw.nl/retroboeken/heinsius/#page=137&accessor=toc&source=1&view=imagePane,https://resources.huygens.knaw.nl/retroboeken/heinsius/#page=137&accessor=toc&source=1&view=pdfPane,https://resources.huygens.knaw.nl/retroboeken/heinsius/#page=137&accessor=toc&source=1&view=htmlPane
,https://resources.huygens.knaw.nl/retroboeken/heinsius/#page=138&accessor=toc&source=1&view=imagePane,https://resources.huygens.knaw.nl/retroboeken/heinsius/#page=138&accessor=toc&source=1&view=pdfPane,https://resources.huygens.knaw.nl/retroboeken/heinsius/#page=138&accessor=toc&source=1&view=htmlPane
,https://resources.huygens.knaw.nl/retroboeken/heinsius/#page=139&accessor=toc&source=1&view=imagePane,https://resources.huygens.knaw.nl/retroboeken/heinsius/#page=139&accessor=toc&source=1&view=pdfPane,https://resources.huygens.knaw.nl/retroboeken/heinsius/#page=139&accessor=toc&source=1&view=htmlPane
,https://resources.huygens.knaw.nl/retroboeken/heinsius/#page=140&accessor=toc&source=1&view=imagePane,https://resources.huygens.knaw.nl/retroboeken/heinsius/#page=140&accessor=toc&source=1&view=pdfPane,https://resources.huygens.knaw.nl/retroboeken/heinsius/#page=140&accessor=toc&source=1&view=htmlPane
,https://resources.huygens.knaw.nl/retroboeken/heinsius/#page=141&accessor=toc&source=1&view=imagePane,https://resources.huygens.knaw.nl/retroboeken/heinsius/#page=141&accessor=toc&source=1&view=pdfPane,https://resources.huygens.knaw.nl/retroboeken/heinsius/#page=141&accessor=toc&source=1&view=htmlPane
,https://resources.huygens.knaw.nl/retroboeken/heinsius/#page=142&accessor=toc&source=1&view=imagePane,https://resources.huygens.knaw.nl/retroboeken/heinsius/#page=142&accessor=toc&source=1&view=pdfPane,https://resources.huygens.knaw.nl/retroboeken/heinsius/#page=142&accessor=toc&source=1&view=htmlPane
,https://resources.huygens.knaw.nl/retroboeken/heinsius/#page=143&accessor=toc&source=1&view=imagePane,https://resources.huygens.knaw.nl/retroboeken/heinsius/#page=143&accessor=toc&source=1&view=pdfPane,https://resources.huygens.knaw.nl/retroboeken/heinsius/#page=143&accessor=toc&source=1&view=htmlPane
,https://resources.huygens.knaw.nl/retroboeken/heinsius/#page=144&accessor=toc&source=1&view=imagePane,https://resources.huygens.knaw.nl/retroboeken/heinsius/#page=144&accessor=toc&source=1&view=pdfPane,https://resources.huygens.knaw.nl/retroboeken/heinsius/#page=144&accessor=toc&source=1&view=htmlPane
,https://resources.huygens.knaw.nl/retroboeken/heinsius/#page=145&accessor=toc&source=1&view=imagePane,https://resources.huygens.knaw.nl/retroboeken/heinsius/#page=145&accessor=toc&source=1&view=pdfPane,https://resources.huygens.knaw.nl/retroboeken/heinsius/#page=145&accessor=toc&source=1&view=htmlPane
,https://resources.huygens.knaw.nl/retroboeken/heinsius/#page=146&accessor=toc&source=1&view=imagePane,https://resources.huygens.knaw.nl/retroboeken/heinsius/#page=146&accessor=toc&source=1&view=pdfPane,https://resources.huygens.knaw.nl/retroboeken/heinsius/#page=146&accessor=toc&source=1&view=htmlPane
,https://resources.huygens.knaw.nl/retroboeken/heinsius/#page=147&accessor=toc&source=1&view=imagePane,https://resources.huygens.knaw.nl/retroboeken/heinsius/#page=147&accessor=toc&source=1&view=pdfPane,https://resources.huygens.knaw.nl/retroboeken/heinsius/#page=147&accessor=toc&source=1&view=htmlPane
,https://resources.huygens.knaw.nl/retroboeken/heinsius/#page=148&accessor=toc&source=1&view=imagePane,https://resources.huygens.knaw.nl/retroboeken/heinsius/#page=148&accessor=toc&source=1&view=pdfPane,https://resources.huygens.knaw.nl/retroboeken/heinsius/#page=148&accessor=toc&source=1&view=htmlPane
,https://resources.huygens.knaw.nl/retroboeken/heinsius/#page=149&accessor=toc&source=1&view=imagePane,https://resources.huygens.knaw.nl/retroboeken/heinsius/#page=149&accessor=toc&source=1&view=pdfPane,https://resources.huygens.knaw.nl/retroboeken/heinsius/#page=149&accessor=toc&source=1&view=htmlPane
,https://resources.huygens.knaw.nl/retroboeken/heinsius/#page=150&accessor=toc&source=1&view=imagePane,https://resources.huygens.knaw.nl/retroboeken/heinsius/#page=150&accessor=toc&source=1&view=pdfPane,https://resources.huygens.knaw.nl/retroboeken/heinsius/#page=150&accessor=toc&source=1&view=htmlPane
,https://resources.huygens.knaw.nl/retroboeken/heinsius/#page=151&accessor=toc&source=1&view=imagePane,https://resources.huygens.knaw.nl/retroboeken/heinsius/#page=151&accessor=toc&source=1&view=pdfPane,https://resources.huygens.knaw.nl/retroboeken/heinsius/#page=151&accessor=toc&source=1&view=htmlPane
,https://resources.huygens.knaw.nl/retroboeken/heinsius/#page=152&accessor=toc&source=1&view=imagePane,https://resources.huygens.knaw.nl/retroboeken/heinsius/#page=152&accessor=toc&source=1&view=pdfPane,https://resources.huygens.knaw.nl/retroboeken/heinsius/#page=152&accessor=toc&source=1&view=htmlPane
,https://resources.huygens.knaw.nl/retroboeken/heinsius/#page=153&accessor=toc&source=1&view=imagePane,https://resources.huygens.knaw.nl/retroboeken/heinsius/#page=153&accessor=toc&source=1&view=pdfPane,https://resources.huygens.knaw.nl/retroboeken/heinsius/#page=153&accessor=toc&source=1&view=htmlPane
,https://resources.huygens.knaw.nl/retroboeken/heinsius/#page=154&accessor=toc&source=1&view=imagePane,https://resources.huygens.knaw.nl/retroboeken/heinsius/#page=154&accessor=toc&source=1&view=pdfPane,https://resources.huygens.knaw.nl/retroboeken/heinsius/#page=154&accessor=toc&source=1&view=htmlPane
,https://resources.huygens.knaw.nl/retroboeken/heinsius/#page=155&accessor=toc&source=1&view=imagePane,https://resources.huygens.knaw.nl/retroboeken/heinsius/#page=155&accessor=toc&source=1&view=pdfPane,https://resources.huygens.knaw.nl/retroboeken/heinsius/#page=155&accessor=toc&source=1&view=htmlPane
,https://resources.huygens.knaw.nl/retroboeken/heinsius/#page=156&accessor=toc&source=1&view=imagePane,https://resources.huygens.knaw.nl/retroboeken/heinsius/#page=156&accessor=toc&source=1&view=pdfPane,https://resources.huygens.knaw.nl/retroboeken/heinsius/#page=156&accessor=toc&source=1&view=htmlPane
,https://resources.huygens.knaw.nl/retroboeken/heinsius/#page=157&accessor=toc&source=1&view=imagePane,https://resources.huygens.knaw.nl/retroboeken/heinsius/#page=157&accessor=toc&source=1&view=pdfPane,https://resources.huygens.knaw.nl/retroboeken/heinsius/#page=157&accessor=toc&source=1&view=htmlPane
,https://resources.huygens.knaw.nl/retroboeken/heinsius/#page=158&accessor=toc&source=1&view=imagePane,https://resources.huygens.knaw.nl/retroboeken/heinsius/#page=158&accessor=toc&source=1&view=pdfPane,https://resources.huygens.knaw.nl/retroboeken/heinsius/#page=158&accessor=toc&source=1&view=htmlPane
,https://resources.huygens.knaw.nl/retroboeken/heinsius/#page=159&accessor=toc&source=1&view=imagePane,https://resources.huygens.knaw.nl/retroboeken/heinsius/#page=159&accessor=toc&source=1&view=pdfPane,https://resources.huygens.knaw.nl/retroboeken/heinsius/#page=159&accessor=toc&source=1&view=htmlPane
,https://resources.huygens.knaw.nl/retroboeken/heinsius/#page=160&accessor=toc&source=1&view=imagePane,https://resources.huygens.knaw.nl/retroboeken/heinsius/#page=160&accessor=toc&source=1&view=pdfPane,https://resources.huygens.knaw.nl/retroboeken/heinsius/#page=160&accessor=toc&source=1&view=htmlPane
,https://resources.huygens.knaw.nl/retroboeken/heinsius/#page=161&accessor=toc&source=1&view=imagePane,https://resources.huygens.knaw.nl/retroboeken/heinsius/#page=161&accessor=toc&source=1&view=pdfPane,https://resources.huygens.knaw.nl/retroboeken/heinsius/#page=161&accessor=toc&source=1&view=htmlPane
,https://resources.huygens.knaw.nl/retroboeken/heinsius/#page=162&accessor=toc&source=1&view=imagePane,https://resources.huygens.knaw.nl/retroboeken/heinsius/#page=162&accessor=toc&source=1&view=pdfPane,https://resources.huygens.knaw.nl/retroboeken/heinsius/#page=162&accessor=toc&source=1&view=htmlPane
,https://resources.huygens.knaw.nl/retroboeken/heinsius/#page=163&accessor=toc&source=1&view=imagePane,https://resources.huygens.knaw.nl/retroboeken/heinsius/#page=163&accessor=toc&source=1&view=pdfPane,https://resources.huygens.knaw.nl/retroboeken/heinsius/#page=163&accessor=toc&source=1&view=htmlPane
,https://resources.huygens.knaw.nl/retroboeken/heinsius/#page=164&accessor=toc&source=1&view=imagePane,https://resources.huygens.knaw.nl/retroboeken/heinsius/#page=164&accessor=toc&source=1&view=pdfPane,https://resources.huygens.knaw.nl/retroboeken/heinsius/#page=164&accessor=toc&source=1&view=htmlPane
,https://resources.huygens.knaw.nl/retroboeken/heinsius/#page=165&accessor=toc&source=1&view=imagePane,https://resources.huygens.knaw.nl/retroboeken/heinsius/#page=165&accessor=toc&source=1&view=pdfPane,https://resources.huygens.knaw.nl/retroboeken/heinsius/#page=165&accessor=toc&source=1&view=htmlPane
,https://resources.huygens.knaw.nl/retroboeken/heinsius/#page=166&accessor=toc&source=1&view=imagePane,https://resources.huygens.knaw.nl/retroboeken/heinsius/#page=166&accessor=toc&source=1&view=pdfPane,https://resources.huygens.knaw.nl/retroboeken/heinsius/#page=166&accessor=toc&source=1&view=htmlPane
,https://resources.huygens.knaw.nl/retroboeken/heinsius/#page=167&accessor=toc&source=1&view=imagePane,https://resources.huygens.knaw.nl/retroboeken/heinsius/#page=167&accessor=toc&source=1&view=pdfPane,https://resources.huygens.knaw.nl/retroboeken/heinsius/#page=167&accessor=toc&source=1&view=htmlPane
,https://resources.huygens.knaw.nl/retroboeken/heinsius/#page=168&accessor=toc&source=1&view=imagePane,https://resources.huygens.knaw.nl/retroboeken/heinsius/#page=168&accessor=toc&source=1&view=pdfPane,https://resources.huygens.knaw.nl/retroboeken/heinsius/#page=168&accessor=toc&source=1&view=htmlPane
,https://resources.huygens.knaw.nl/retroboeken/heinsius/#page=169&accessor=toc&source=1&view=imagePane,https://resources.huygens.knaw.nl/retroboeken/heinsius/#page=169&accessor=toc&source=1&view=pdfPane,https://resources.huygens.knaw.nl/retroboeken/heinsius/#page=169&accessor=toc&source=1&view=htmlPane
,https://resources.huygens.knaw.nl/retroboeken/heinsius/#page=170&accessor=toc&source=1&view=imagePane,https://resources.huygens.knaw.nl/retroboeken/heinsius/#page=170&accessor=toc&source=1&view=pdfPane,https://resources.huygens.knaw.nl/retroboeken/heinsius/#page=170&accessor=toc&source=1&view=htmlPane
,https://resources.huygens.knaw.nl/retroboeken/heinsius/#page=171&accessor=toc&source=1&view=imagePane,https://resources.huygens.knaw.nl/retroboeken/heinsius/#page=171&accessor=toc&source=1&view=pdfPane,https://resources.huygens.knaw.nl/retroboeken/heinsius/#page=171&accessor=toc&source=1&view=htmlPane
,https://resources.huygens.knaw.nl/retroboeken/heinsius/#page=172&accessor=toc&source=1&view=imagePane,https://resources.huygens.knaw.nl/retroboeken/heinsius/#page=172&accessor=toc&source=1&view=pdfPane,https://resources.huygens.knaw.nl/retroboeken/heinsius/#page=172&accessor=toc&source=1&view=htmlPane
,https://resources.huygens.knaw.nl/retroboeken/heinsius/#page=173&accessor=toc&source=1&view=imagePane,https://resources.huygens.knaw.nl/retroboeken/heinsius/#page=173&accessor=toc&source=1&view=pdfPane,https://resources.huygens.knaw.nl/retroboeken/heinsius/#page=173&accessor=toc&source=1&view=htmlPane
,https://resources.huygens.knaw.nl/retroboeken/heinsius/#page=174&accessor=toc&source=1&view=imagePane,https://resources.huygens.knaw.nl/retroboeken/heinsius/#page=174&accessor=toc&source=1&view=pdfPane,https://resources.huygens.knaw.nl/retroboeken/heinsius/#page=174&accessor=toc&source=1&view=htmlPane
,https://resources.huygens.knaw.nl/retroboeken/heinsius/#page=175&accessor=toc&source=1&view=imagePane,https://resources.huygens.knaw.nl/retroboeken/heinsius/#page=175&accessor=toc&source=1&view=pdfPane,https://resources.huygens.knaw.nl/retroboeken/heinsius/#page=175&accessor=toc&source=1&view=htmlPane
,https://resources.huygens.knaw.nl/retroboeken/heinsius/#page=176&accessor=toc&source=1&view=imagePane,https://resources.huygens.knaw.nl/retroboeken/heinsius/#page=176&accessor=toc&source=1&view=pdfPane,https://resources.huygens.knaw.nl/retroboeken/heinsius/#page=176&accessor=toc&source=1&view=htmlPane
,https://resources.huygens.knaw.nl/retroboeken/heinsius/#page=177&accessor=toc&source=1&view=imagePane,https://resources.huygens.knaw.nl/retroboeken/heinsius/#page=177&accessor=toc&source=1&view=pdfPane,https://resources.huygens.knaw.nl/retroboeken/heinsius/#page=177&accessor=toc&source=1&view=htmlPane
,https://resources.huygens.knaw.nl/retroboeken/heinsius/#page=178&accessor=toc&source=1&view=imagePane,https://resources.huygens.knaw.nl/retroboeken/heinsius/#page=178&accessor=toc&source=1&view=pdfPane,https://resources.huygens.knaw.nl/retroboeken/heinsius/#page=178&accessor=toc&source=1&view=htmlPane
,https://resources.huygens.knaw.nl/retroboeken/heinsius/#page=179&accessor=toc&source=1&view=imagePane,https://resources.huygens.knaw.nl/retroboeken/heinsius/#page=179&accessor=toc&source=1&view=pdfPane,https://resources.huygens.knaw.nl/retroboeken/heinsius/#page=179&accessor=toc&source=1&view=htmlPane
,https://resources.huygens.knaw.nl/retroboeken/heinsius/#page=180&accessor=toc&source=1&view=imagePane,https://resources.huygens.knaw.nl/retroboeken/heinsius/#page=180&accessor=toc&source=1&view=pdfPane,https://resources.huygens.knaw.nl/retroboeken/heinsius/#page=180&accessor=toc&source=1&view=htmlPane
,https://resources.huygens.knaw.nl/retroboeken/heinsius/#page=181&accessor=toc&source=1&view=imagePane,https://resources.huygens.knaw.nl/retroboeken/heinsius/#page=181&accessor=toc&source=1&view=pdfPane,https://resources.huygens.knaw.nl/retroboeken/heinsius/#page=181&accessor=toc&source=1&view=htmlPane
,https://resources.huygens.knaw.nl/retroboeken/heinsius/#page=182&accessor=toc&source=1&view=imagePane,https://resources.huygens.knaw.nl/retroboeken/heinsius/#page=182&accessor=toc&source=1&view=pdfPane,https://resources.huygens.knaw.nl/retroboeken/heinsius/#page=182&accessor=toc&source=1&view=htmlPane
,https://resources.huygens.knaw.nl/retroboeken/heinsius/#page=183&accessor=toc&source=1&view=imagePane,https://resources.huygens.knaw.nl/retroboeken/heinsius/#page=183&accessor=toc&source=1&view=pdfPane,https://resources.huygens.knaw.nl/retroboeken/heinsius/#page=183&accessor=toc&source=1&view=htmlPane
,https://resources.huygens.knaw.nl/retroboeken/heinsius/#page=184&accessor=toc&source=1&view=imagePane,https://resources.huygens.knaw.nl/retroboeken/heinsius/#page=184&accessor=toc&source=1&view=pdfPane,https://resources.huygens.knaw.nl/retroboeken/heinsius/#page=184&accessor=toc&source=1&view=htmlPane
,https://resources.huygens.knaw.nl/retroboeken/heinsius/#page=185&accessor=toc&source=1&view=imagePane,https://resources.huygens.knaw.nl/retroboeken/heinsius/#page=185&accessor=toc&source=1&view=pdfPane,https://resources.huygens.knaw.nl/retroboeken/heinsius/#page=185&accessor=toc&source=1&view=htmlPane
,https://resources.huygens.knaw.nl/retroboeken/heinsius/#page=186&accessor=toc&source=1&view=imagePane,https://resources.huygens.knaw.nl/retroboeken/heinsius/#page=186&accessor=toc&source=1&view=pdfPane,https://resources.huygens.knaw.nl/retroboeken/heinsius/#page=186&accessor=toc&source=1&view=htmlPane
,https://resources.huygens.knaw.nl/retroboeken/heinsius/#page=187&accessor=toc&source=1&view=imagePane,https://resources.huygens.knaw.nl/retroboeken/heinsius/#page=187&accessor=toc&source=1&view=pdfPane,https://resources.huygens.knaw.nl/retroboeken/heinsius/#page=187&accessor=toc&source=1&view=htmlPane
,https://resources.huygens.knaw.nl/retroboeken/heinsius/#page=188&accessor=toc&source=1&view=imagePane,https://resources.huygens.knaw.nl/retroboeken/heinsius/#page=188&accessor=toc&source=1&view=pdfPane,https://resources.huygens.knaw.nl/retroboeken/heinsius/#page=188&accessor=toc&source=1&view=htmlPane
,https://resources.huygens.knaw.nl/retroboeken/heinsius/#page=189&accessor=toc&source=1&view=imagePane,https://resources.huygens.knaw.nl/retroboeken/heinsius/#page=189&accessor=toc&source=1&view=pdfPane,https://resources.huygens.knaw.nl/retroboeken/heinsius/#page=189&accessor=toc&source=1&view=htmlPane
,https://resources.huygens.knaw.nl/retroboeken/heinsius/#page=190&accessor=toc&source=1&view=imagePane,https://resources.huygens.knaw.nl/retroboeken/heinsius/#page=190&accessor=toc&source=1&view=pdfPane,https://resources.huygens.knaw.nl/retroboeken/heinsius/#page=190&accessor=toc&source=1&view=htmlPane
,https://resources.huygens.knaw.nl/retroboeken/heinsius/#page=191&accessor=toc&source=1&view=imagePane,https://resources.huygens.knaw.nl/retroboeken/heinsius/#page=191&accessor=toc&source=1&view=pdfPane,https://resources.huygens.knaw.nl/retroboeken/heinsius/#page=191&accessor=toc&source=1&view=htmlPane
,https://resources.huygens.knaw.nl/retroboeken/heinsius/#page=192&accessor=toc&source=1&view=imagePane,https://resources.huygens.knaw.nl/retroboeken/heinsius/#page=192&accessor=toc&source=1&view=pdfPane,https://resources.huygens.knaw.nl/retroboeken/heinsius/#page=192&accessor=toc&source=1&view=htmlPane
,https://resources.huygens.knaw.nl/retroboeken/heinsius/#page=193&accessor=toc&source=1&view=imagePane,https://resources.huygens.knaw.nl/retroboeken/heinsius/#page=193&accessor=toc&source=1&view=pdfPane,https://resources.huygens.knaw.nl/retroboeken/heinsius/#page=193&accessor=toc&source=1&view=htmlPane
,https://resources.huygens.knaw.nl/retroboeken/heinsius/#page=194&accessor=toc&source=1&view=imagePane,https://resources.huygens.knaw.nl/retroboeken/heinsius/#page=194&accessor=toc&source=1&view=pdfPane,https://resources.huygens.knaw.nl/retroboeken/heinsius/#page=194&accessor=toc&source=1&view=htmlPane
,https://resources.huygens.knaw.nl/retroboeken/heinsius/#page=195&accessor=toc&source=1&view=imagePane,https://resources.huygens.knaw.nl/retroboeken/heinsius/#page=195&accessor=toc&source=1&view=pdfPane,https://resources.huygens.knaw.nl/retroboeken/heinsius/#page=195&accessor=toc&source=1&view=htmlPane
,https://resources.huygens.knaw.nl/retroboeken/heinsius/#page=196&accessor=toc&source=1&view=imagePane,https://resources.huygens.knaw.nl/retroboeken/heinsius/#page=196&accessor=toc&source=1&view=pdfPane,https://resources.huygens.knaw.nl/retroboeken/heinsius/#page=196&accessor=toc&source=1&view=htmlPane
,https://resources.huygens.knaw.nl/retroboeken/heinsius/#page=197&accessor=toc&source=1&view=imagePane,https://resources.huygens.knaw.nl/retroboeken/heinsius/#page=197&accessor=toc&source=1&view=pdfPane,https://resources.huygens.knaw.nl/retroboeken/heinsius/#page=197&accessor=toc&source=1&view=htmlPane
,https://resources.huygens.knaw.nl/retroboeken/heinsius/#page=198&accessor=toc&source=1&view=imagePane,https://resources.huygens.knaw.nl/retroboeken/heinsius/#page=198&accessor=toc&source=1&view=pdfPane,https://resources.huygens.knaw.nl/retroboeken/heinsius/#page=198&accessor=toc&source=1&view=htmlPane
,https://resources.huygens.knaw.nl/retroboeken/heinsius/#page=199&accessor=toc&source=1&view=imagePane,https://resources.huygens.knaw.nl/retroboeken/heinsius/#page=199&accessor=toc&source=1&view=pdfPane,https://resources.huygens.knaw.nl/retroboeken/heinsius/#page=199&accessor=toc&source=1&view=htmlPane
,https://resources.huygens.knaw.nl/retroboeken/heinsius/#page=200&accessor=toc&source=1&view=imagePane,https://resources.huygens.knaw.nl/retroboeken/heinsius/#page=200&accessor=toc&source=1&view=pdfPane,https://resources.huygens.knaw.nl/retroboeken/heinsius/#page=200&accessor=toc&source=1&view=htmlPane
,https://resources.huygens.knaw.nl/retroboeken/heinsius/#page=201&accessor=toc&source=1&view=imagePane,https://resources.huygens.knaw.nl/retroboeken/heinsius/#page=201&accessor=toc&source=1&view=pdfPane,https://resources.huygens.knaw.nl/retroboeken/heinsius/#page=201&accessor=toc&source=1&view=htmlPane
,https://resources.huygens.knaw.nl/retroboeken/heinsius/#page=202&accessor=toc&source=1&view=imagePane,https://resources.huygens.knaw.nl/retroboeken/heinsius/#page=202&accessor=toc&source=1&view=pdfPane,https://resources.huygens.knaw.nl/retroboeken/heinsius/#page=202&accessor=toc&source=1&view=htmlPane
,https://resources.huygens.knaw.nl/retroboeken/heinsius/#page=203&accessor=toc&source=1&view=imagePane,https://resources.huygens.knaw.nl/retroboeken/heinsius/#page=203&accessor=toc&source=1&view=pdfPane,https://resources.huygens.knaw.nl/retroboeken/heinsius/#page=203&accessor=toc&source=1&view=htmlPane
,https://resources.huygens.knaw.nl/retroboeken/heinsius/#page=204&accessor=toc&source=1&view=imagePane,https://resources.huygens.knaw.nl/retroboeken/heinsius/#page=204&accessor=toc&source=1&view=pdfPane,https://resources.huygens.knaw.nl/retroboeken/heinsius/#page=204&accessor=toc&source=1&view=htmlPane
,https://resources.huygens.knaw.nl/retroboeken/heinsius/#page=205&accessor=toc&source=1&view=imagePane,https://resources.huygens.knaw.nl/retroboeken/heinsius/#page=205&accessor=toc&source=1&view=pdfPane,https://resources.huygens.knaw.nl/retroboeken/heinsius/#page=205&accessor=toc&source=1&view=htmlPane
,https://resources.huygens.knaw.nl/retroboeken/heinsius/#page=206&accessor=toc&source=1&view=imagePane,https://resources.huygens.knaw.nl/retroboeken/heinsius/#page=206&accessor=toc&source=1&view=pdfPane,https://resources.huygens.knaw.nl/retroboeken/heinsius/#page=206&accessor=toc&source=1&view=htmlPane
,https://resources.huygens.knaw.nl/retroboeken/heinsius/#page=207&accessor=toc&source=1&view=imagePane,https://resources.huygens.knaw.nl/retroboeken/heinsius/#page=207&accessor=toc&source=1&view=pdfPane,https://resources.huygens.knaw.nl/retroboeken/heinsius/#page=207&accessor=toc&source=1&view=htmlPane
,https://resources.huygens.knaw.nl/retroboeken/heinsius/#page=208&accessor=toc&source=1&view=imagePane,https://resources.huygens.knaw.nl/retroboeken/heinsius/#page=208&accessor=toc&source=1&view=pdfPane,https://resources.huygens.knaw.nl/retroboeken/heinsius/#page=208&accessor=toc&source=1&view=htmlPane
,https://resources.huygens.knaw.nl/retroboeken/heinsius/#page=209&accessor=toc&source=1&view=imagePane,https://resources.huygens.knaw.nl/retroboeken/heinsius/#page=209&accessor=toc&source=1&view=pdfPane,https://resources.huygens.knaw.nl/retroboeken/heinsius/#page=209&accessor=toc&source=1&view=htmlPane
,https://resources.huygens.knaw.nl/retroboeken/heinsius/#page=210&accessor=toc&source=1&view=imagePane,https://resources.huygens.knaw.nl/retroboeken/heinsius/#page=210&accessor=toc&source=1&view=pdfPane,https://resources.huygens.knaw.nl/retroboeken/heinsius/#page=210&accessor=toc&source=1&view=htmlPane
,https://resources.huygens.knaw.nl/retroboeken/heinsius/#page=211&accessor=toc&source=1&view=imagePane,https://resources.huygens.knaw.nl/retroboeken/heinsius/#page=211&accessor=toc&source=1&view=pdfPane,https://resources.huygens.knaw.nl/retroboeken/heinsius/#page=211&accessor=toc&source=1&view=htmlPane
,https://resources.huygens.knaw.nl/retroboeken/heinsius/#page=212&accessor=toc&source=1&view=imagePane,https://resources.huygens.knaw.nl/retroboeken/heinsius/#page=212&accessor=toc&source=1&view=pdfPane,https://resources.huygens.knaw.nl/retroboeken/heinsius/#page=212&accessor=toc&source=1&view=htmlPane
,https://resources.huygens.knaw.nl/retroboeken/heinsius/#page=213&accessor=toc&source=1&view=imagePane,https://resources.huygens.knaw.nl/retroboeken/heinsius/#page=213&accessor=toc&source=1&view=pdfPane,https://resources.huygens.knaw.nl/retroboeken/heinsius/#page=213&accessor=toc&source=1&view=htmlPane
,https://resources.huygens.knaw.nl/retroboeken/heinsius/#page=214&accessor=toc&source=1&view=imagePane,https://resources.huygens.knaw.nl/retroboeken/heinsius/#page=214&accessor=toc&source=1&view=pdfPane,https://resources.huygens.knaw.nl/retroboeken/heinsius/#page=214&accessor=toc&source=1&view=htmlPane
,https://resources.huygens.knaw.nl/retroboeken/heinsius/#page=215&accessor=toc&source=1&view=imagePane,https://resources.huygens.knaw.nl/retroboeken/heinsius/#page=215&accessor=toc&source=1&view=pdfPane,https://resources.huygens.knaw.nl/retroboeken/heinsius/#page=215&accessor=toc&source=1&view=htmlPane
,https://resources.huygens.knaw.nl/retroboeken/heinsius/#page=216&accessor=toc&source=1&view=imagePane,https://resources.huygens.knaw.nl/retroboeken/heinsius/#page=216&accessor=toc&source=1&view=pdfPane,https://resources.huygens.knaw.nl/retroboeken/heinsius/#page=216&accessor=toc&source=1&view=htmlPane
,https://resources.huygens.knaw.nl/retroboeken/heinsius/#page=217&accessor=toc&source=1&view=imagePane,https://resources.huygens.knaw.nl/retroboeken/heinsius/#page=217&accessor=toc&source=1&view=pdfPane,https://resources.huygens.knaw.nl/retroboeken/heinsius/#page=217&accessor=toc&source=1&view=htmlPane
,https://resources.huygens.knaw.nl/retroboeken/heinsius/#page=218&accessor=toc&source=1&view=imagePane,https://resources.huygens.knaw.nl/retroboeken/heinsius/#page=218&accessor=toc&source=1&view=pdfPane,https://resources.huygens.knaw.nl/retroboeken/heinsius/#page=218&accessor=toc&source=1&view=htmlPane
,https://resources.huygens.knaw.nl/retroboeken/heinsius/#page=219&accessor=toc&source=1&view=imagePane,https://resources.huygens.knaw.nl/retroboeken/heinsius/#page=219&accessor=toc&source=1&view=pdfPane,https://resources.huygens.knaw.nl/retroboeken/heinsius/#page=219&accessor=toc&source=1&view=htmlPane
,https://resources.huygens.knaw.nl/retroboeken/heinsius/#page=220&accessor=toc&source=1&view=imagePane,https://resources.huygens.knaw.nl/retroboeken/heinsius/#page=220&accessor=toc&source=1&view=pdfPane,https://resources.huygens.knaw.nl/retroboeken/heinsius/#page=220&accessor=toc&source=1&view=htmlPane
,https://resources.huygens.knaw.nl/retroboeken/heinsius/#page=221&accessor=toc&source=1&view=imagePane,https://resources.huygens.knaw.nl/retroboeken/heinsius/#page=221&accessor=toc&source=1&view=pdfPane,https://resources.huygens.knaw.nl/retroboeken/heinsius/#page=221&accessor=toc&source=1&view=htmlPane
,https://resources.huygens.knaw.nl/retroboeken/heinsius/#page=222&accessor=toc&source=1&view=imagePane,https://resources.huygens.knaw.nl/retroboeken/heinsius/#page=222&accessor=toc&source=1&view=pdfPane,https://resources.huygens.knaw.nl/retroboeken/heinsius/#page=222&accessor=toc&source=1&view=htmlPane
,https://resources.huygens.knaw.nl/retroboeken/heinsius/#page=223&accessor=toc&source=1&view=imagePane,https://resources.huygens.knaw.nl/retroboeken/heinsius/#page=223&accessor=toc&source=1&view=pdfPane,https://resources.huygens.knaw.nl/retroboeken/heinsius/#page=223&accessor=toc&source=1&view=htmlPane
,https://resources.huygens.knaw.nl/retroboeken/heinsius/#page=224&accessor=toc&source=1&view=imagePane,https://resources.huygens.knaw.nl/retroboeken/heinsius/#page=224&accessor=toc&source=1&view=pdfPane,https://resources.huygens.knaw.nl/retroboeken/heinsius/#page=224&accessor=toc&source=1&view=htmlPane
,https://resources.huygens.knaw.nl/retroboeken/heinsius/#page=225&accessor=toc&source=1&view=imagePane,https://resources.huygens.knaw.nl/retroboeken/heinsius/#page=225&accessor=toc&source=1&view=pdfPane,https://resources.huygens.knaw.nl/retroboeken/heinsius/#page=225&accessor=toc&source=1&view=htmlPane
,https://resources.huygens.knaw.nl/retroboeken/heinsius/#page=226&accessor=toc&source=1&view=imagePane,https://resources.huygens.knaw.nl/retroboeken/heinsius/#page=226&accessor=toc&source=1&view=pdfPane,https://resources.huygens.knaw.nl/retroboeken/heinsius/#page=226&accessor=toc&source=1&view=htmlPane
,https://resources.huygens.knaw.nl/retroboeken/heinsius/#page=227&accessor=toc&source=1&view=imagePane,https://resources.huygens.knaw.nl/retroboeken/heinsius/#page=227&accessor=toc&source=1&view=pdfPane,https://resources.huygens.knaw.nl/retroboeken/heinsius/#page=227&accessor=toc&source=1&view=htmlPane
,https://resources.huygens.knaw.nl/retroboeken/heinsius/#page=228&accessor=toc&source=1&view=imagePane,https://resources.huygens.knaw.nl/retroboeken/heinsius/#page=228&accessor=toc&source=1&view=pdfPane,https://resources.huygens.knaw.nl/retroboeken/heinsius/#page=228&accessor=toc&source=1&view=htmlPane
,https://resources.huygens.knaw.nl/retroboeken/heinsius/#page=229&accessor=toc&source=1&view=imagePane,https://resources.huygens.knaw.nl/retroboeken/heinsius/#page=229&accessor=toc&source=1&view=pdfPane,https://resources.huygens.knaw.nl/retroboeken/heinsius/#page=229&accessor=toc&source=1&view=htmlPane
,https://resources.huygens.knaw.nl/retroboeken/heinsius/#page=230&accessor=toc&source=1&view=imagePane,https://resources.huygens.knaw.nl/retroboeken/heinsius/#page=230&accessor=toc&source=1&view=pdfPane,https://resources.huygens.knaw.nl/retroboeken/heinsius/#page=230&accessor=toc&source=1&view=htmlPane
,https://resources.huygens.knaw.nl/retroboeken/heinsius/#page=231&accessor=toc&source=1&view=imagePane,https://resources.huygens.knaw.nl/retroboeken/heinsius/#page=231&accessor=toc&source=1&view=pdfPane,https://resources.huygens.knaw.nl/retroboeken/heinsius/#page=231&accessor=toc&source=1&view=htmlPane
,https://resources.huygens.knaw.nl/retroboeken/heinsius/#page=232&accessor=toc&source=1&view=imagePane,https://resources.huygens.knaw.nl/retroboeken/heinsius/#page=232&accessor=toc&source=1&view=pdfPane,https://resources.huygens.knaw.nl/retroboeken/heinsius/#page=232&accessor=toc&source=1&view=htmlPane
,https://resources.huygens.knaw.nl/retroboeken/heinsius/#page=233&accessor=toc&source=1&view=imagePane,https://resources.huygens.knaw.nl/retroboeken/heinsius/#page=233&accessor=toc&source=1&view=pdfPane,https://resources.huygens.knaw.nl/retroboeken/heinsius/#page=233&accessor=toc&source=1&view=htmlPane
,https://resources.huygens.knaw.nl/retroboeken/heinsius/#page=234&accessor=toc&source=1&view=imagePane,https://resources.huygens.knaw.nl/retroboeken/heinsius/#page=234&accessor=toc&source=1&view=pdfPane,https://resources.huygens.knaw.nl/retroboeken/heinsius/#page=234&accessor=toc&source=1&view=htmlPane
,https://resources.huygens.knaw.nl/retroboeken/heinsius/#page=235&accessor=toc&source=1&view=imagePane,https://resources.huygens.knaw.nl/retroboeken/heinsius/#page=235&accessor=toc&source=1&view=pdfPane,https://resources.huygens.knaw.nl/retroboeken/heinsius/#page=235&accessor=toc&source=1&view=htmlPane
,https://resources.huygens.knaw.nl/retroboeken/heinsius/#page=236&accessor=toc&source=1&view=imagePane,https://resources.huygens.knaw.nl/retroboeken/heinsius/#page=236&accessor=toc&source=1&view=pdfPane,https://resources.huygens.knaw.nl/retroboeken/heinsius/#page=236&accessor=toc&source=1&view=htmlPane
,https://resources.huygens.knaw.nl/retroboeken/heinsius/#page=237&accessor=toc&source=1&view=imagePane,https://resources.huygens.knaw.nl/retroboeken/heinsius/#page=237&accessor=toc&source=1&view=pdfPane,https://resources.huygens.knaw.nl/retroboeken/heinsius/#page=237&accessor=toc&source=1&view=htmlPane
,https://resources.huygens.knaw.nl/retroboeken/heinsius/#page=238&accessor=toc&source=1&view=imagePane,https://resources.huygens.knaw.nl/retroboeken/heinsius/#page=238&accessor=toc&source=1&view=pdfPane,https://resources.huygens.knaw.nl/retroboeken/heinsius/#page=238&accessor=toc&source=1&view=htmlPane
,https://resources.huygens.knaw.nl/retroboeken/heinsius/#page=239&accessor=toc&source=1&view=imagePane,https://resources.huygens.knaw.nl/retroboeken/heinsius/#page=239&accessor=toc&source=1&view=pdfPane,https://resources.huygens.knaw.nl/retroboeken/heinsius/#page=239&accessor=toc&source=1&view=htmlPane
,https://resources.huygens.knaw.nl/retroboeken/heinsius/#page=240&accessor=toc&source=1&view=imagePane,https://resources.huygens.knaw.nl/retroboeken/heinsius/#page=240&accessor=toc&source=1&view=pdfPane,https://resources.huygens.knaw.nl/retroboeken/heinsius/#page=240&accessor=toc&source=1&view=htmlPane
,https://resources.huygens.knaw.nl/retroboeken/heinsius/#page=241&accessor=toc&source=1&view=imagePane,https://resources.huygens.knaw.nl/retroboeken/heinsius/#page=241&accessor=toc&source=1&view=pdfPane,https://resources.huygens.knaw.nl/retroboeken/heinsius/#page=241&accessor=toc&source=1&view=htmlPane
,https://resources.huygens.knaw.nl/retroboeken/heinsius/#page=242&accessor=toc&source=1&view=imagePane,https://resources.huygens.knaw.nl/retroboeken/heinsius/#page=242&accessor=toc&source=1&view=pdfPane,https://resources.huygens.knaw.nl/retroboeken/heinsius/#page=242&accessor=toc&source=1&view=htmlPane
,https://resources.huygens.knaw.nl/retroboeken/heinsius/#page=243&accessor=toc&source=1&view=imagePane,https://resources.huygens.knaw.nl/retroboeken/heinsius/#page=243&accessor=toc&source=1&view=pdfPane,https://resources.huygens.knaw.nl/retroboeken/heinsius/#page=243&accessor=toc&source=1&view=htmlPane
,https://resources.huygens.knaw.nl/retroboeken/heinsius/#page=244&accessor=toc&source=1&view=imagePane,https://resources.huygens.knaw.nl/retroboeken/heinsius/#page=244&accessor=toc&source=1&view=pdfPane,https://resources.huygens.knaw.nl/retroboeken/heinsius/#page=244&accessor=toc&source=1&view=htmlPane
,https://resources.huygens.knaw.nl/retroboeken/heinsius/#page=245&accessor=toc&source=1&view=imagePane,https://resources.huygens.knaw.nl/retroboeken/heinsius/#page=245&accessor=toc&source=1&view=pdfPane,https://resources.huygens.knaw.nl/retroboeken/heinsius/#page=245&accessor=toc&source=1&view=htmlPane
,https://resources.huygens.knaw.nl/retroboeken/heinsius/#page=246&accessor=toc&source=1&view=imagePane,https://resources.huygens.knaw.nl/retroboeken/heinsius/#page=246&accessor=toc&source=1&view=pdfPane,https://resources.huygens.knaw.nl/retroboeken/heinsius/#page=246&accessor=toc&source=1&view=htmlPane
,https://resources.huygens.knaw.nl/retroboeken/heinsius/#page=247&accessor=toc&source=1&view=imagePane,https://resources.huygens.knaw.nl/retroboeken/heinsius/#page=247&accessor=toc&source=1&view=pdfPane,https://resources.huygens.knaw.nl/retroboeken/heinsius/#page=247&accessor=toc&source=1&view=htmlPane
,https://resources.huygens.knaw.nl/retroboeken/heinsius/#page=248&accessor=toc&source=1&view=imagePane,https://resources.huygens.knaw.nl/retroboeken/heinsius/#page=248&accessor=toc&source=1&view=pdfPane,https://resources.huygens.knaw.nl/retroboeken/heinsius/#page=248&accessor=toc&source=1&view=htmlPane
,https://resources.huygens.knaw.nl/retroboeken/heinsius/#page=249&accessor=toc&source=1&view=imagePane,https://resources.huygens.knaw.nl/retroboeken/heinsius/#page=249&accessor=toc&source=1&view=pdfPane,https://resources.huygens.knaw.nl/retroboeken/heinsius/#page=249&accessor=toc&source=1&view=htmlPane
,https://resources.huygens.knaw.nl/retroboeken/heinsius/#page=250&accessor=toc&source=1&view=imagePane,https://resources.huygens.knaw.nl/retroboeken/heinsius/#page=250&accessor=toc&source=1&view=pdfPane,https://resources.huygens.knaw.nl/retroboeken/heinsius/#page=250&accessor=toc&source=1&view=htmlPane
,https://resources.huygens.knaw.nl/retroboeken/heinsius/#page=251&accessor=toc&source=1&view=imagePane,https://resources.huygens.knaw.nl/retroboeken/heinsius/#page=251&accessor=toc&source=1&view=pdfPane,https://resources.huygens.knaw.nl/retroboeken/heinsius/#page=251&accessor=toc&source=1&view=htmlPane
,https://resources.huygens.knaw.nl/retroboeken/heinsius/#page=252&accessor=toc&source=1&view=imagePane,https://resources.huygens.knaw.nl/retroboeken/heinsius/#page=252&accessor=toc&source=1&view=pdfPane,https://resources.huygens.knaw.nl/retroboeken/heinsius/#page=252&accessor=toc&source=1&view=htmlPane
,https://resources.huygens.knaw.nl/retroboeken/heinsius/#page=253&accessor=toc&source=1&view=imagePane,https://resources.huygens.knaw.nl/retroboeken/heinsius/#page=253&accessor=toc&source=1&view=pdfPane,https://resources.huygens.knaw.nl/retroboeken/heinsius/#page=253&accessor=toc&source=1&view=htmlPane
,https://resources.huygens.knaw.nl/retroboeken/heinsius/#page=254&accessor=toc&source=1&view=imagePane,https://resources.huygens.knaw.nl/retroboeken/heinsius/#page=254&accessor=toc&source=1&view=pdfPane,https://resources.huygens.knaw.nl/retroboeken/heinsius/#page=254&accessor=toc&source=1&view=htmlPane
,https://resources.huygens.knaw.nl/retroboeken/heinsius/#page=255&accessor=toc&source=1&view=imagePane,https://resources.huygens.knaw.nl/retroboeken/heinsius/#page=255&accessor=toc&source=1&view=pdfPane,https://resources.huygens.knaw.nl/retroboeken/heinsius/#page=255&accessor=toc&source=1&view=htmlPane
,https://resources.huygens.knaw.nl/retroboeken/heinsius/#page=256&accessor=toc&source=1&view=imagePane,https://resources.huygens.knaw.nl/retroboeken/heinsius/#page=256&accessor=toc&source=1&view=pdfPane,https://resources.huygens.knaw.nl/retroboeken/heinsius/#page=256&accessor=toc&source=1&view=htmlPane
,https://resources.huygens.knaw.nl/retroboeken/heinsius/#page=257&accessor=toc&source=1&view=imagePane,https://resources.huygens.knaw.nl/retroboeken/heinsius/#page=257&accessor=toc&source=1&view=pdfPane,https://resources.huygens.knaw.nl/retroboeken/heinsius/#page=257&accessor=toc&source=1&view=htmlPane
,https://resources.huygens.knaw.nl/retroboeken/heinsius/#page=258&accessor=toc&source=1&view=imagePane,https://resources.huygens.knaw.nl/retroboeken/heinsius/#page=258&accessor=toc&source=1&view=pdfPane,https://resources.huygens.knaw.nl/retroboeken/heinsius/#page=258&accessor=toc&source=1&view=htmlPane
,https://resources.huygens.knaw.nl/retroboeken/heinsius/#page=259&accessor=toc&source=1&view=imagePane,https://resources.huygens.knaw.nl/retroboeken/heinsius/#page=259&accessor=toc&source=1&view=pdfPane,https://resources.huygens.knaw.nl/retroboeken/heinsius/#page=259&accessor=toc&source=1&view=htmlPane
,https://resources.huygens.knaw.nl/retroboeken/heinsius/#page=260&accessor=toc&source=1&view=imagePane,https://resources.huygens.knaw.nl/retroboeken/heinsius/#page=260&accessor=toc&source=1&view=pdfPane,https://resources.huygens.knaw.nl/retroboeken/heinsius/#page=260&accessor=toc&source=1&view=htmlPane
,https://resources.huygens.knaw.nl/retroboeken/heinsius/#page=261&accessor=toc&source=1&view=imagePane,https://resources.huygens.knaw.nl/retroboeken/heinsius/#page=261&accessor=toc&source=1&view=pdfPane,https://resources.huygens.knaw.nl/retroboeken/heinsius/#page=261&accessor=toc&source=1&view=htmlPane
,https://resources.huygens.knaw.nl/retroboeken/heinsius/#page=262&accessor=toc&source=1&view=imagePane,https://resources.huygens.knaw.nl/retroboeken/heinsius/#page=262&accessor=toc&source=1&view=pdfPane,https://resources.huygens.knaw.nl/retroboeken/heinsius/#page=262&accessor=toc&source=1&view=htmlPane
,https://resources.huygens.knaw.nl/retroboeken/heinsius/#page=263&accessor=toc&source=1&view=imagePane,https://resources.huygens.knaw.nl/retroboeken/heinsius/#page=263&accessor=toc&source=1&view=pdfPane,https://resources.huygens.knaw.nl/retroboeken/heinsius/#page=263&accessor=toc&source=1&view=htmlPane
,https://resources.huygens.knaw.nl/retroboeken/heinsius/#page=264&accessor=toc&source=1&view=imagePane,https://resources.huygens.knaw.nl/retroboeken/heinsius/#page=264&accessor=toc&source=1&view=pdfPane,https://resources.huygens.knaw.nl/retroboeken/heinsius/#page=264&accessor=toc&source=1&view=htmlPane
,https://resources.huygens.knaw.nl/retroboeken/heinsius/#page=265&accessor=toc&source=1&view=imagePane,https://resources.huygens.knaw.nl/retroboeken/heinsius/#page=265&accessor=toc&source=1&view=pdfPane,https://resources.huygens.knaw.nl/retroboeken/heinsius/#page=265&accessor=toc&source=1&view=htmlPane
,https://resources.huygens.knaw.nl/retroboeken/heinsius/#page=266&accessor=toc&source=1&view=imagePane,https://resources.huygens.knaw.nl/retroboeken/heinsius/#page=266&accessor=toc&source=1&view=pdfPane,https://resources.huygens.knaw.nl/retroboeken/heinsius/#page=266&accessor=toc&source=1&view=htmlPane
,https://resources.huygens.knaw.nl/retroboeken/heinsius/#page=267&accessor=toc&source=1&view=imagePane,https://resources.huygens.knaw.nl/retroboeken/heinsius/#page=267&accessor=toc&source=1&view=pdfPane,https://resources.huygens.knaw.nl/retroboeken/heinsius/#page=267&accessor=toc&source=1&view=htmlPane
,https://resources.huygens.knaw.nl/retroboeken/heinsius/#page=268&accessor=toc&source=1&view=imagePane,https://resources.huygens.knaw.nl/retroboeken/heinsius/#page=268&accessor=toc&source=1&view=pdfPane,https://resources.huygens.knaw.nl/retroboeken/heinsius/#page=268&accessor=toc&source=1&view=htmlPane
,https://resources.huygens.knaw.nl/retroboeken/heinsius/#page=269&accessor=toc&source=1&view=imagePane,https://resources.huygens.knaw.nl/retroboeken/heinsius/#page=269&accessor=toc&source=1&view=pdfPane,https://resources.huygens.knaw.nl/retroboeken/heinsius/#page=269&accessor=toc&source=1&view=htmlPane
,https://resources.huygens.knaw.nl/retroboeken/heinsius/#page=270&accessor=toc&source=1&view=imagePane,https://resources.huygens.knaw.nl/retroboeken/heinsius/#page=270&accessor=toc&source=1&view=pdfPane,https://resources.huygens.knaw.nl/retroboeken/heinsius/#page=270&accessor=toc&source=1&view=htmlPane
,https://resources.huygens.knaw.nl/retroboeken/heinsius/#page=271&accessor=toc&source=1&view=imagePane,https://resources.huygens.knaw.nl/retroboeken/heinsius/#page=271&accessor=toc&source=1&view=pdfPane,https://resources.huygens.knaw.nl/retroboeken/heinsius/#page=271&accessor=toc&source=1&view=htmlPane
,https://resources.huygens.knaw.nl/retroboeken/heinsius/#page=272&accessor=toc&source=1&view=imagePane,https://resources.huygens.knaw.nl/retroboeken/heinsius/#page=272&accessor=toc&source=1&view=pdfPane,https://resources.huygens.knaw.nl/retroboeken/heinsius/#page=272&accessor=toc&source=1&view=htmlPane
,https://resources.huygens.knaw.nl/retroboeken/heinsius/#page=273&accessor=toc&source=1&view=imagePane,https://resources.huygens.knaw.nl/retroboeken/heinsius/#page=273&accessor=toc&source=1&view=pdfPane,https://resources.huygens.knaw.nl/retroboeken/heinsius/#page=273&accessor=toc&source=1&view=htmlPane
,https://resources.huygens.knaw.nl/retroboeken/heinsius/#page=274&accessor=toc&source=1&view=imagePane,https://resources.huygens.knaw.nl/retroboeken/heinsius/#page=274&accessor=toc&source=1&view=pdfPane,https://resources.huygens.knaw.nl/retroboeken/heinsius/#page=274&accessor=toc&source=1&view=htmlPane
,https://resources.huygens.knaw.nl/retroboeken/heinsius/#page=275&accessor=toc&source=1&view=imagePane,https://resources.huygens.knaw.nl/retroboeken/heinsius/#page=275&accessor=toc&source=1&view=pdfPane,https://resources.huygens.knaw.nl/retroboeken/heinsius/#page=275&accessor=toc&source=1&view=htmlPane
,https://resources.huygens.knaw.nl/retroboeken/heinsius/#page=276&accessor=toc&source=1&view=imagePane,https://resources.huygens.knaw.nl/retroboeken/heinsius/#page=276&accessor=toc&source=1&view=pdfPane,https://resources.huygens.knaw.nl/retroboeken/heinsius/#page=276&accessor=toc&source=1&view=htmlPane
,https://resources.huygens.knaw.nl/retroboeken/heinsius/#page=277&accessor=toc&source=1&view=imagePane,https://resources.huygens.knaw.nl/retroboeken/heinsius/#page=277&accessor=toc&source=1&view=pdfPane,https://resources.huygens.knaw.nl/retroboeken/heinsius/#page=277&accessor=toc&source=1&view=htmlPane
,https://resources.huygens.knaw.nl/retroboeken/heinsius/#page=278&accessor=toc&source=1&view=imagePane,https://resources.huygens.knaw.nl/retroboeken/heinsius/#page=278&accessor=toc&source=1&view=pdfPane,https://resources.huygens.knaw.nl/retroboeken/heinsius/#page=278&accessor=toc&source=1&view=htmlPane
,https://resources.huygens.knaw.nl/retroboeken/heinsius/#page=279&accessor=toc&source=1&view=imagePane,https://resources.huygens.knaw.nl/retroboeken/heinsius/#page=279&accessor=toc&source=1&view=pdfPane,https://resources.huygens.knaw.nl/retroboeken/heinsius/#page=279&accessor=toc&source=1&view=htmlPane
,https://resources.huygens.knaw.nl/retroboeken/heinsius/#page=280&accessor=toc&source=1&view=imagePane,https://resources.huygens.knaw.nl/retroboeken/heinsius/#page=280&accessor=toc&source=1&view=pdfPane,https://resources.huygens.knaw.nl/retroboeken/heinsius/#page=280&accessor=toc&source=1&view=htmlPane
,https://resources.huygens.knaw.nl/retroboeken/heinsius/#page=281&accessor=toc&source=1&view=imagePane,https://resources.huygens.knaw.nl/retroboeken/heinsius/#page=281&accessor=toc&source=1&view=pdfPane,https://resources.huygens.knaw.nl/retroboeken/heinsius/#page=281&accessor=toc&source=1&view=htmlPane
,https://resources.huygens.knaw.nl/retroboeken/heinsius/#page=282&accessor=toc&source=1&view=imagePane,https://resources.huygens.knaw.nl/retroboeken/heinsius/#page=282&accessor=toc&source=1&view=pdfPane,https://resources.huygens.knaw.nl/retroboeken/heinsius/#page=282&accessor=toc&source=1&view=htmlPane
,https://resources.huygens.knaw.nl/retroboeken/heinsius/#page=283&accessor=toc&source=1&view=imagePane,https://resources.huygens.knaw.nl/retroboeken/heinsius/#page=283&accessor=toc&source=1&view=pdfPane,https://resources.huygens.knaw.nl/retroboeken/heinsius/#page=283&accessor=toc&source=1&view=htmlPane
,https://resources.huygens.knaw.nl/retroboeken/heinsius/#page=284&accessor=toc&source=1&view=imagePane,https://resources.huygens.knaw.nl/retroboeken/heinsius/#page=284&accessor=toc&source=1&view=pdfPane,https://resources.huygens.knaw.nl/retroboeken/heinsius/#page=284&accessor=toc&source=1&view=htmlPane
,https://resources.huygens.knaw.nl/retroboeken/heinsius/#page=285&accessor=toc&source=1&view=imagePane,https://resources.huygens.knaw.nl/retroboeken/heinsius/#page=285&accessor=toc&source=1&view=pdfPane,https://resources.huygens.knaw.nl/retroboeken/heinsius/#page=285&accessor=toc&source=1&view=htmlPane
,https://resources.huygens.knaw.nl/retroboeken/heinsius/#page=286&accessor=toc&source=1&view=imagePane,https://resources.huygens.knaw.nl/retroboeken/heinsius/#page=286&accessor=toc&source=1&view=pdfPane,https://resources.huygens.knaw.nl/retroboeken/heinsius/#page=286&accessor=toc&source=1&view=htmlPane
,https://resources.huygens.knaw.nl/retroboeken/heinsius/#page=287&accessor=toc&source=1&view=imagePane,https://resources.huygens.knaw.nl/retroboeken/heinsius/#page=287&accessor=toc&source=1&view=pdfPane,https://resources.huygens.knaw.nl/retroboeken/heinsius/#page=287&accessor=toc&source=1&view=htmlPane
,https://resources.huygens.knaw.nl/retroboeken/heinsius/#page=288&accessor=toc&source=1&view=imagePane,https://resources.huygens.knaw.nl/retroboeken/heinsius/#page=288&accessor=toc&source=1&view=pdfPane,https://resources.huygens.knaw.nl/retroboeken/heinsius/#page=288&accessor=toc&source=1&view=htmlPane
,https://resources.huygens.knaw.nl/retroboeken/heinsius/#page=289&accessor=toc&source=1&view=imagePane,https://resources.huygens.knaw.nl/retroboeken/heinsius/#page=289&accessor=toc&source=1&view=pdfPane,https://resources.huygens.knaw.nl/retroboeken/heinsius/#page=289&accessor=toc&source=1&view=htmlPane
,https://resources.huygens.knaw.nl/retroboeken/heinsius/#page=290&accessor=toc&source=1&view=imagePane,https://resources.huygens.knaw.nl/retroboeken/heinsius/#page=290&accessor=toc&source=1&view=pdfPane,https://resources.huygens.knaw.nl/retroboeken/heinsius/#page=290&accessor=toc&source=1&view=htmlPane
,https://resources.huygens.knaw.nl/retroboeken/heinsius/#page=291&accessor=toc&source=1&view=imagePane,https://resources.huygens.knaw.nl/retroboeken/heinsius/#page=291&accessor=toc&source=1&view=pdfPane,https://resources.huygens.knaw.nl/retroboeken/heinsius/#page=291&accessor=toc&source=1&view=htmlPane
,https://resources.huygens.knaw.nl/retroboeken/heinsius/#page=292&accessor=toc&source=1&view=imagePane,https://resources.huygens.knaw.nl/retroboeken/heinsius/#page=292&accessor=toc&source=1&view=pdfPane,https://resources.huygens.knaw.nl/retroboeken/heinsius/#page=292&accessor=toc&source=1&view=htmlPane
,https://resources.huygens.knaw.nl/retroboeken/heinsius/#page=293&accessor=toc&source=1&view=imagePane,https://resources.huygens.knaw.nl/retroboeken/heinsius/#page=293&accessor=toc&source=1&view=pdfPane,https://resources.huygens.knaw.nl/retroboeken/heinsius/#page=293&accessor=toc&source=1&view=htmlPane
,https://resources.huygens.knaw.nl/retroboeken/heinsius/#page=294&accessor=toc&source=1&view=imagePane,https://resources.huygens.knaw.nl/retroboeken/heinsius/#page=294&accessor=toc&source=1&view=pdfPane,https://resources.huygens.knaw.nl/retroboeken/heinsius/#page=294&accessor=toc&source=1&view=htmlPane
,https://resources.huygens.knaw.nl/retroboeken/heinsius/#page=295&accessor=toc&source=1&view=imagePane,https://resources.huygens.knaw.nl/retroboeken/heinsius/#page=295&accessor=toc&source=1&view=pdfPane,https://resources.huygens.knaw.nl/retroboeken/heinsius/#page=295&accessor=toc&source=1&view=htmlPane
,https://resources.huygens.knaw.nl/retroboeken/heinsius/#page=296&accessor=toc&source=1&view=imagePane,https://resources.huygens.knaw.nl/retroboeken/heinsius/#page=296&accessor=toc&source=1&view=pdfPane,https://resources.huygens.knaw.nl/retroboeken/heinsius/#page=296&accessor=toc&source=1&view=htmlPane
,https://resources.huygens.knaw.nl/retroboeken/heinsius/#page=297&accessor=toc&source=1&view=imagePane,https://resources.huygens.knaw.nl/retroboeken/heinsius/#page=297&accessor=toc&source=1&view=pdfPane,https://resources.huygens.knaw.nl/retroboeken/heinsius/#page=297&accessor=toc&source=1&view=htmlPane
,https://resources.huygens.knaw.nl/retroboeken/heinsius/#page=298&accessor=toc&source=1&view=imagePane,https://resources.huygens.knaw.nl/retroboeken/heinsius/#page=298&accessor=toc&source=1&view=pdfPane,https://resources.huygens.knaw.nl/retroboeken/heinsius/#page=298&accessor=toc&source=1&view=htmlPane
,https://resources.huygens.knaw.nl/retroboeken/heinsius/#page=299&accessor=toc&source=1&view=imagePane,https://resources.huygens.knaw.nl/retroboeken/heinsius/#page=299&accessor=toc&source=1&view=pdfPane,https://resources.huygens.knaw.nl/retroboeken/heinsius/#page=299&accessor=toc&source=1&view=htmlPane
,https://resources.huygens.knaw.nl/retroboeken/heinsius/#page=300&accessor=toc&source=1&view=imagePane,https://resources.huygens.knaw.nl/retroboeken/heinsius/#page=300&accessor=toc&source=1&view=pdfPane,https://resources.huygens.knaw.nl/retroboeken/heinsius/#page=300&accessor=toc&source=1&view=htmlPane
,https://resources.huygens.knaw.nl/retroboeken/heinsius/#page=301&accessor=toc&source=1&view=imagePane,https://resources.huygens.knaw.nl/retroboeken/heinsius/#page=301&accessor=toc&source=1&view=pdfPane,https://resources.huygens.knaw.nl/retroboeken/heinsius/#page=301&accessor=toc&source=1&view=htmlPane
,https://resources.huygens.knaw.nl/retroboeken/heinsius/#page=302&accessor=toc&source=1&view=imagePane,https://resources.huygens.knaw.nl/retroboeken/heinsius/#page=302&accessor=toc&source=1&view=pdfPane,https://resources.huygens.knaw.nl/retroboeken/heinsius/#page=302&accessor=toc&source=1&view=htmlPane
,https://resources.huygens.knaw.nl/retroboeken/heinsius/#page=303&accessor=toc&source=1&view=imagePane,https://resources.huygens.knaw.nl/retroboeken/heinsius/#page=303&accessor=toc&source=1&view=pdfPane,https://resources.huygens.knaw.nl/retroboeken/heinsius/#page=303&accessor=toc&source=1&view=htmlPane
,https://resources.huygens.knaw.nl/retroboeken/heinsius/#page=304&accessor=toc&source=1&view=imagePane,https://resources.huygens.knaw.nl/retroboeken/heinsius/#page=304&accessor=toc&source=1&view=pdfPane,https://resources.huygens.knaw.nl/retroboeken/heinsius/#page=304&accessor=toc&source=1&view=htmlPane
,https://resources.huygens.knaw.nl/retroboeken/heinsius/#page=305&accessor=toc&source=1&view=imagePane,https://resources.huygens.knaw.nl/retroboeken/heinsius/#page=305&accessor=toc&source=1&view=pdfPane,https://resources.huygens.knaw.nl/retroboeken/heinsius/#page=305&accessor=toc&source=1&view=htmlPane
,https://resources.huygens.knaw.nl/retroboeken/heinsius/#page=306&accessor=toc&source=1&view=imagePane,https://resources.huygens.knaw.nl/retroboeken/heinsius/#page=306&accessor=toc&source=1&view=pdfPane,https://resources.huygens.knaw.nl/retroboeken/heinsius/#page=306&accessor=toc&source=1&view=htmlPane
,https://resources.huygens.knaw.nl/retroboeken/heinsius/#page=307&accessor=toc&source=1&view=imagePane,https://resources.huygens.knaw.nl/retroboeken/heinsius/#page=307&accessor=toc&source=1&view=pdfPane,https://resources.huygens.knaw.nl/retroboeken/heinsius/#page=307&accessor=toc&source=1&view=htmlPane
,https://resources.huygens.knaw.nl/retroboeken/heinsius/#page=308&accessor=toc&source=1&view=imagePane,https://resources.huygens.knaw.nl/retroboeken/heinsius/#page=308&accessor=toc&source=1&view=pdfPane,https://resources.huygens.knaw.nl/retroboeken/heinsius/#page=308&accessor=toc&source=1&view=htmlPane
,https://resources.huygens.knaw.nl/retroboeken/heinsius/#page=309&accessor=toc&source=1&view=imagePane,https://resources.huygens.knaw.nl/retroboeken/heinsius/#page=309&accessor=toc&source=1&view=pdfPane,https://resources.huygens.knaw.nl/retroboeken/heinsius/#page=309&accessor=toc&source=1&view=htmlPane
,https://resources.huygens.knaw.nl/retroboeken/heinsius/#page=310&accessor=toc&source=1&view=imagePane,https://resources.huygens.knaw.nl/retroboeken/heinsius/#page=310&accessor=toc&source=1&view=pdfPane,https://resources.huygens.knaw.nl/retroboeken/heinsius/#page=310&accessor=toc&source=1&view=htmlPane
,https://resources.huygens.knaw.nl/retroboeken/heinsius/#page=311&accessor=toc&source=1&view=imagePane,https://resources.huygens.knaw.nl/retroboeken/heinsius/#page=311&accessor=toc&source=1&view=pdfPane,https://resources.huygens.knaw.nl/retroboeken/heinsius/#page=311&accessor=toc&source=1&view=htmlPane
,https://resources.huygens.knaw.nl/retroboeken/heinsius/#page=312&accessor=toc&source=1&view=imagePane,https://resources.huygens.knaw.nl/retroboeken/heinsius/#page=312&accessor=toc&source=1&view=pdfPane,https://resources.huygens.knaw.nl/retroboeken/heinsius/#page=312&accessor=toc&source=1&view=htmlPane
,https://resources.huygens.knaw.nl/retroboeken/heinsius/#page=313&accessor=toc&source=1&view=imagePane,https://resources.huygens.knaw.nl/retroboeken/heinsius/#page=313&accessor=toc&source=1&view=pdfPane,https://resources.huygens.knaw.nl/retroboeken/heinsius/#page=313&accessor=toc&source=1&view=htmlPane
,https://resources.huygens.knaw.nl/retroboeken/heinsius/#page=314&accessor=toc&source=1&view=imagePane,https://resources.huygens.knaw.nl/retroboeken/heinsius/#page=314&accessor=toc&source=1&view=pdfPane,https://resources.huygens.knaw.nl/retroboeken/heinsius/#page=314&accessor=toc&source=1&view=htmlPane
,https://resources.huygens.knaw.nl/retroboeken/heinsius/#page=315&accessor=toc&source=1&view=imagePane,https://resources.huygens.knaw.nl/retroboeken/heinsius/#page=315&accessor=toc&source=1&view=pdfPane,https://resources.huygens.knaw.nl/retroboeken/heinsius/#page=315&accessor=toc&source=1&view=htmlPane
,https://resources.huygens.knaw.nl/retroboeken/heinsius/#page=316&accessor=toc&source=1&view=imagePane,https://resources.huygens.knaw.nl/retroboeken/heinsius/#page=316&accessor=toc&source=1&view=pdfPane,https://resources.huygens.knaw.nl/retroboeken/heinsius/#page=316&accessor=toc&source=1&view=htmlPane
,https://resources.huygens.knaw.nl/retroboeken/heinsius/#page=317&accessor=toc&source=1&view=imagePane,https://resources.huygens.knaw.nl/retroboeken/heinsius/#page=317&accessor=toc&source=1&view=pdfPane,https://resources.huygens.knaw.nl/retroboeken/heinsius/#page=317&accessor=toc&source=1&view=htmlPane
,https://resources.huygens.knaw.nl/retroboeken/heinsius/#page=318&accessor=toc&source=1&view=imagePane,https://resources.huygens.knaw.nl/retroboeken/heinsius/#page=318&accessor=toc&source=1&view=pdfPane,https://resources.huygens.knaw.nl/retroboeken/heinsius/#page=318&accessor=toc&source=1&view=htmlPane
,https://resources.huygens.knaw.nl/retroboeken/heinsius/#page=319&accessor=toc&source=1&view=imagePane,https://resources.huygens.knaw.nl/retroboeken/heinsius/#page=319&accessor=toc&source=1&view=pdfPane,https://resources.huygens.knaw.nl/retroboeken/heinsius/#page=319&accessor=toc&source=1&view=htmlPane
,https://resources.huygens.knaw.nl/retroboeken/heinsius/#page=320&accessor=toc&source=1&view=imagePane,https://resources.huygens.knaw.nl/retroboeken/heinsius/#page=320&accessor=toc&source=1&view=pdfPane,https://resources.huygens.knaw.nl/retroboeken/heinsius/#page=320&accessor=toc&source=1&view=htmlPane
,https://resources.huygens.knaw.nl/retroboeken/heinsius/#page=321&accessor=toc&source=1&view=imagePane,https://resources.huygens.knaw.nl/retroboeken/heinsius/#page=321&accessor=toc&source=1&view=pdfPane,https://resources.huygens.knaw.nl/retroboeken/heinsius/#page=321&accessor=toc&source=1&view=htmlPane
,https://resources.huygens.knaw.nl/retroboeken/heinsius/#page=322&accessor=toc&source=1&view=imagePane,https://resources.huygens.knaw.nl/retroboeken/heinsius/#page=322&accessor=toc&source=1&view=pdfPane,https://resources.huygens.knaw.nl/retroboeken/heinsius/#page=322&accessor=toc&source=1&view=htmlPane
,https://resources.huygens.knaw.nl/retroboeken/heinsius/#page=323&accessor=toc&source=1&view=imagePane,https://resources.huygens.knaw.nl/retroboeken/heinsius/#page=323&accessor=toc&source=1&view=pdfPane,https://resources.huygens.knaw.nl/retroboeken/heinsius/#page=323&accessor=toc&source=1&view=htmlPane
,https://resources.huygens.knaw.nl/retroboeken/heinsius/#page=324&accessor=toc&source=1&view=imagePane,https://resources.huygens.knaw.nl/retroboeken/heinsius/#page=324&accessor=toc&source=1&view=pdfPane,https://resources.huygens.knaw.nl/retroboeken/heinsius/#page=324&accessor=toc&source=1&view=htmlPane
,https://resources.huygens.knaw.nl/retroboeken/heinsius/#page=325&accessor=toc&source=1&view=imagePane,https://resources.huygens.knaw.nl/retroboeken/heinsius/#page=325&accessor=toc&source=1&view=pdfPane,https://resources.huygens.knaw.nl/retroboeken/heinsius/#page=325&accessor=toc&source=1&view=htmlPane
,https://resources.huygens.knaw.nl/retroboeken/heinsius/#page=326&accessor=toc&source=1&view=imagePane,https://resources.huygens.knaw.nl/retroboeken/heinsius/#page=326&accessor=toc&source=1&view=pdfPane,https://resources.huygens.knaw.nl/retroboeken/heinsius/#page=326&accessor=toc&source=1&view=htmlPane
,https://resources.huygens.knaw.nl/retroboeken/heinsius/#page=327&accessor=toc&source=1&view=imagePane,https://resources.huygens.knaw.nl/retroboeken/heinsius/#page=327&accessor=toc&source=1&view=pdfPane,https://resources.huygens.knaw.nl/retroboeken/heinsius/#page=327&accessor=toc&source=1&view=htmlPane
,https://resources.huygens.knaw.nl/retroboeken/heinsius/#page=328&accessor=toc&source=1&view=imagePane,https://resources.huygens.knaw.nl/retroboeken/heinsius/#page=328&accessor=toc&source=1&view=pdfPane,https://resources.huygens.knaw.nl/retroboeken/heinsius/#page=328&accessor=toc&source=1&view=htmlPane
,https://resources.huygens.knaw.nl/retroboeken/heinsius/#page=329&accessor=toc&source=1&view=imagePane,https://resources.huygens.knaw.nl/retroboeken/heinsius/#page=329&accessor=toc&source=1&view=pdfPane,https://resources.huygens.knaw.nl/retroboeken/heinsius/#page=329&accessor=toc&source=1&view=htmlPane
,https://resources.huygens.knaw.nl/retroboeken/heinsius/#page=330&accessor=toc&source=1&view=imagePane,https://resources.huygens.knaw.nl/retroboeken/heinsius/#page=330&accessor=toc&source=1&view=pdfPane,https://resources.huygens.knaw.nl/retroboeken/heinsius/#page=330&accessor=toc&source=1&view=htmlPane
,https://resources.huygens.knaw.nl/retroboeken/heinsius/#page=331&accessor=toc&source=1&view=imagePane,https://resources.huygens.knaw.nl/retroboeken/heinsius/#page=331&accessor=toc&source=1&view=pdfPane,https://resources.huygens.knaw.nl/retroboeken/heinsius/#page=331&accessor=toc&source=1&view=htmlPane
,https://resources.huygens.knaw.nl/retroboeken/heinsius/#page=332&accessor=toc&source=1&view=imagePane,https://resources.huygens.knaw.nl/retroboeken/heinsius/#page=332&accessor=toc&source=1&view=pdfPane,https://resources.huygens.knaw.nl/retroboeken/heinsius/#page=332&accessor=toc&source=1&view=htmlPane
,https://resources.huygens.knaw.nl/retroboeken/heinsius/#page=333&accessor=toc&source=1&view=imagePane,https://resources.huygens.knaw.nl/retroboeken/heinsius/#page=333&accessor=toc&source=1&view=pdfPane,https://resources.huygens.knaw.nl/retroboeken/heinsius/#page=333&accessor=toc&source=1&view=htmlPane
,https://resources.huygens.knaw.nl/retroboeken/heinsius/#page=334&accessor=toc&source=1&view=imagePane,https://resources.huygens.knaw.nl/retroboeken/heinsius/#page=334&accessor=toc&source=1&view=pdfPane,https://resources.huygens.knaw.nl/retroboeken/heinsius/#page=334&accessor=toc&source=1&view=htmlPane
,https://resources.huygens.knaw.nl/retroboeken/heinsius/#page=335&accessor=toc&source=1&view=imagePane,https://resources.huygens.knaw.nl/retroboeken/heinsius/#page=335&accessor=toc&source=1&view=pdfPane,https://resources.huygens.knaw.nl/retroboeken/heinsius/#page=335&accessor=toc&source=1&view=htmlPane
,https://resources.huygens.knaw.nl/retroboeken/heinsius/#page=336&accessor=toc&source=1&view=imagePane,https://resources.huygens.knaw.nl/retroboeken/heinsius/#page=336&accessor=toc&source=1&view=pdfPane,https://resources.huygens.knaw.nl/retroboeken/heinsius/#page=336&accessor=toc&source=1&view=htmlPane
,https://resources.huygens.knaw.nl/retroboeken/heinsius/#page=337&accessor=toc&source=1&view=imagePane,https://resources.huygens.knaw.nl/retroboeken/heinsius/#page=337&accessor=toc&source=1&view=pdfPane,https://resources.huygens.knaw.nl/retroboeken/heinsius/#page=337&accessor=toc&source=1&view=htmlPane
,https://resources.huygens.knaw.nl/retroboeken/heinsius/#page=338&accessor=toc&source=1&view=imagePane,https://resources.huygens.knaw.nl/retroboeken/heinsius/#page=338&accessor=toc&source=1&view=pdfPane,https://resources.huygens.knaw.nl/retroboeken/heinsius/#page=338&accessor=toc&source=1&view=htmlPane
,https://resources.huygens.knaw.nl/retroboeken/heinsius/#page=339&accessor=toc&source=1&view=imagePane,https://resources.huygens.knaw.nl/retroboeken/heinsius/#page=339&accessor=toc&source=1&view=pdfPane,https://resources.huygens.knaw.nl/retroboeken/heinsius/#page=339&accessor=toc&source=1&view=htmlPane
,https://resources.huygens.knaw.nl/retroboeken/heinsius/#page=340&accessor=toc&source=1&view=imagePane,https://resources.huygens.knaw.nl/retroboeken/heinsius/#page=340&accessor=toc&source=1&view=pdfPane,https://resources.huygens.knaw.nl/retroboeken/heinsius/#page=340&accessor=toc&source=1&view=htmlPane
,https://resources.huygens.knaw.nl/retroboeken/heinsius/#page=341&accessor=toc&source=1&view=imagePane,https://resources.huygens.knaw.nl/retroboeken/heinsius/#page=341&accessor=toc&source=1&view=pdfPane,https://resources.huygens.knaw.nl/retroboeken/heinsius/#page=341&accessor=toc&source=1&view=htmlPane
,https://resources.huygens.knaw.nl/retroboeken/heinsius/#page=342&accessor=toc&source=1&view=imagePane,https://resources.huygens.knaw.nl/retroboeken/heinsius/#page=342&accessor=toc&source=1&view=pdfPane,https://resources.huygens.knaw.nl/retroboeken/heinsius/#page=342&accessor=toc&source=1&view=htmlPane
,https://resources.huygens.knaw.nl/retroboeken/heinsius/#page=343&accessor=toc&source=1&view=imagePane,https://resources.huygens.knaw.nl/retroboeken/heinsius/#page=343&accessor=toc&source=1&view=pdfPane,https://resources.huygens.knaw.nl/retroboeken/heinsius/#page=343&accessor=toc&source=1&view=htmlPane
,https://resources.huygens.knaw.nl/retroboeken/heinsius/#page=344&accessor=toc&source=1&view=imagePane,https://resources.huygens.knaw.nl/retroboeken/heinsius/#page=344&accessor=toc&source=1&view=pdfPane,https://resources.huygens.knaw.nl/retroboeken/heinsius/#page=344&accessor=toc&source=1&view=htmlPane
,https://resources.huygens.knaw.nl/retroboeken/heinsius/#page=345&accessor=toc&source=1&view=imagePane,https://resources.huygens.knaw.nl/retroboeken/heinsius/#page=345&accessor=toc&source=1&view=pdfPane,https://resources.huygens.knaw.nl/retroboeken/heinsius/#page=345&accessor=toc&source=1&view=htmlPane
,https://resources.huygens.knaw.nl/retroboeken/heinsius/#page=346&accessor=toc&source=1&view=imagePane,https://resources.huygens.knaw.nl/retroboeken/heinsius/#page=346&accessor=toc&source=1&view=pdfPane,https://resources.huygens.knaw.nl/retroboeken/heinsius/#page=346&accessor=toc&source=1&view=htmlPane
,https://resources.huygens.knaw.nl/retroboeken/heinsius/#page=347&accessor=toc&source=1&view=imagePane,https://resources.huygens.knaw.nl/retroboeken/heinsius/#page=347&accessor=toc&source=1&view=pdfPane,https://resources.huygens.knaw.nl/retroboeken/heinsius/#page=347&accessor=toc&source=1&view=htmlPane
,https://resources.huygens.knaw.nl/retroboeken/heinsius/#page=348&accessor=toc&source=1&view=imagePane,https://resources.huygens.knaw.nl/retroboeken/heinsius/#page=348&accessor=toc&source=1&view=pdfPane,https://resources.huygens.knaw.nl/retroboeken/heinsius/#page=348&accessor=toc&source=1&view=htmlPane
,https://resources.huygens.knaw.nl/retroboeken/heinsius/#page=349&accessor=toc&source=1&view=imagePane,https://resources.huygens.knaw.nl/retroboeken/heinsius/#page=349&accessor=toc&source=1&view=pdfPane,https://resources.huygens.knaw.nl/retroboeken/heinsius/#page=349&accessor=toc&source=1&view=htmlPane
,https://resources.huygens.knaw.nl/retroboeken/heinsius/#page=350&accessor=toc&source=1&view=imagePane,https://resources.huygens.knaw.nl/retroboeken/heinsius/#page=350&accessor=toc&source=1&view=pdfPane,https://resources.huygens.knaw.nl/retroboeken/heinsius/#page=350&accessor=toc&source=1&view=htmlPane
,https://resources.huygens.knaw.nl/retroboeken/heinsius/#page=351&accessor=toc&source=1&view=imagePane,https://resources.huygens.knaw.nl/retroboeken/heinsius/#page=351&accessor=toc&source=1&view=pdfPane,https://resources.huygens.knaw.nl/retroboeken/heinsius/#page=351&accessor=toc&source=1&view=htmlPane
,https://resources.huygens.knaw.nl/retroboeken/heinsius/#page=352&accessor=toc&source=1&view=imagePane,https://resources.huygens.knaw.nl/retroboeken/heinsius/#page=352&accessor=toc&source=1&view=pdfPane,https://resources.huygens.knaw.nl/retroboeken/heinsius/#page=352&accessor=toc&source=1&view=htmlPane
,https://resources.huygens.knaw.nl/retroboeken/heinsius/#page=353&accessor=toc&source=1&view=imagePane,https://resources.huygens.knaw.nl/retroboeken/heinsius/#page=353&accessor=toc&source=1&view=pdfPane,https://resources.huygens.knaw.nl/retroboeken/heinsius/#page=353&accessor=toc&source=1&view=htmlPane
,https://resources.huygens.knaw.nl/retroboeken/heinsius/#page=354&accessor=toc&source=1&view=imagePane,https://resources.huygens.knaw.nl/retroboeken/heinsius/#page=354&accessor=toc&source=1&view=pdfPane,https://resources.huygens.knaw.nl/retroboeken/heinsius/#page=354&accessor=toc&source=1&view=htmlPane
,https://resources.huygens.knaw.nl/retroboeken/heinsius/#page=355&accessor=toc&source=1&view=imagePane,https://resources.huygens.knaw.nl/retroboeken/heinsius/#page=355&accessor=toc&source=1&view=pdfPane,https://resources.huygens.knaw.nl/retroboeken/heinsius/#page=355&accessor=toc&source=1&view=htmlPane
,https://resources.huygens.knaw.nl/retroboeken/heinsius/#page=356&accessor=toc&source=1&view=imagePane,https://resources.huygens.knaw.nl/retroboeken/heinsius/#page=356&accessor=toc&source=1&view=pdfPane,https://resources.huygens.knaw.nl/retroboeken/heinsius/#page=356&accessor=toc&source=1&view=htmlPane
,https://resources.huygens.knaw.nl/retroboeken/heinsius/#page=357&accessor=toc&source=1&view=imagePane,https://resources.huygens.knaw.nl/retroboeken/heinsius/#page=357&accessor=toc&source=1&view=pdfPane,https://resources.huygens.knaw.nl/retroboeken/heinsius/#page=357&accessor=toc&source=1&view=htmlPane
,https://resources.huygens.knaw.nl/retroboeken/heinsius/#page=358&accessor=toc&source=1&view=imagePane,https://resources.huygens.knaw.nl/retroboeken/heinsius/#page=358&accessor=toc&source=1&view=pdfPane,https://resources.huygens.knaw.nl/retroboeken/heinsius/#page=358&accessor=toc&source=1&view=htmlPane
,https://resources.huygens.knaw.nl/retroboeken/heinsius/#page=359&accessor=toc&source=1&view=imagePane,https://resources.huygens.knaw.nl/retroboeken/heinsius/#page=359&accessor=toc&source=1&view=pdfPane,https://resources.huygens.knaw.nl/retroboeken/heinsius/#page=359&accessor=toc&source=1&view=htmlPane
,https://resources.huygens.knaw.nl/retroboeken/heinsius/#page=360&accessor=toc&source=1&view=imagePane,https://resources.huygens.knaw.nl/retroboeken/heinsius/#page=360&accessor=toc&source=1&view=pdfPane,https://resources.huygens.knaw.nl/retroboeken/heinsius/#page=360&accessor=toc&source=1&view=htmlPane
,https://resources.huygens.knaw.nl/retroboeken/heinsius/#page=361&accessor=toc&source=1&view=imagePane,https://resources.huygens.knaw.nl/retroboeken/heinsius/#page=361&accessor=toc&source=1&view=pdfPane,https://resources.huygens.knaw.nl/retroboeken/heinsius/#page=361&accessor=toc&source=1&view=htmlPane
,https://resources.huygens.knaw.nl/retroboeken/heinsius/#page=362&accessor=toc&source=1&view=imagePane,https://resources.huygens.knaw.nl/retroboeken/heinsius/#page=362&accessor=toc&source=1&view=pdfPane,https://resources.huygens.knaw.nl/retroboeken/heinsius/#page=362&accessor=toc&source=1&view=htmlPane
,https://resources.huygens.knaw.nl/retroboeken/heinsius/#page=363&accessor=toc&source=1&view=imagePane,https://resources.huygens.knaw.nl/retroboeken/heinsius/#page=363&accessor=toc&source=1&view=pdfPane,https://resources.huygens.knaw.nl/retroboeken/heinsius/#page=363&accessor=toc&source=1&view=htmlPane
,https://resources.huygens.knaw.nl/retroboeken/heinsius/#page=364&accessor=toc&source=1&view=imagePane,https://resources.huygens.knaw.nl/retroboeken/heinsius/#page=364&accessor=toc&source=1&view=pdfPane,https://resources.huygens.knaw.nl/retroboeken/heinsius/#page=364&accessor=toc&source=1&view=htmlPane
,https://resources.huygens.knaw.nl/retroboeken/heinsius/#page=365&accessor=toc&source=1&view=imagePane,https://resources.huygens.knaw.nl/retroboeken/heinsius/#page=365&accessor=toc&source=1&view=pdfPane,https://resources.huygens.knaw.nl/retroboeken/heinsius/#page=365&accessor=toc&source=1&view=htmlPane
,https://resources.huygens.knaw.nl/retroboeken/heinsius/#page=366&accessor=toc&source=1&view=imagePane,https://resources.huygens.knaw.nl/retroboeken/heinsius/#page=366&accessor=toc&source=1&view=pdfPane,https://resources.huygens.knaw.nl/retroboeken/heinsius/#page=366&accessor=toc&source=1&view=htmlPane
,https://resources.huygens.knaw.nl/retroboeken/heinsius/#page=367&accessor=toc&source=1&view=imagePane,https://resources.huygens.knaw.nl/retroboeken/heinsius/#page=367&accessor=toc&source=1&view=pdfPane,https://resources.huygens.knaw.nl/retroboeken/heinsius/#page=367&accessor=toc&source=1&view=htmlPane
,https://resources.huygens.knaw.nl/retroboeken/heinsius/#page=368&accessor=toc&source=1&view=imagePane,https://resources.huygens.knaw.nl/retroboeken/heinsius/#page=368&accessor=toc&source=1&view=pdfPane,https://resources.huygens.knaw.nl/retroboeken/heinsius/#page=368&accessor=toc&source=1&view=htmlPane
,https://resources.huygens.knaw.nl/retroboeken/heinsius/#page=369&accessor=toc&source=1&view=imagePane,https://resources.huygens.knaw.nl/retroboeken/heinsius/#page=369&accessor=toc&source=1&view=pdfPane,https://resources.huygens.knaw.nl/retroboeken/heinsius/#page=369&accessor=toc&source=1&view=htmlPane
,https://resources.huygens.knaw.nl/retroboeken/heinsius/#page=370&accessor=toc&source=1&view=imagePane,https://resources.huygens.knaw.nl/retroboeken/heinsius/#page=370&accessor=toc&source=1&view=pdfPane,https://resources.huygens.knaw.nl/retroboeken/heinsius/#page=370&accessor=toc&source=1&view=htmlPane
,https://resources.huygens.knaw.nl/retroboeken/heinsius/#page=371&accessor=toc&source=1&view=imagePane,https://resources.huygens.knaw.nl/retroboeken/heinsius/#page=371&accessor=toc&source=1&view=pdfPane,https://resources.huygens.knaw.nl/retroboeken/heinsius/#page=371&accessor=toc&source=1&view=htmlPane
,https://resources.huygens.knaw.nl/retroboeken/heinsius/#page=372&accessor=toc&source=1&view=imagePane,https://resources.huygens.knaw.nl/retroboeken/heinsius/#page=372&accessor=toc&source=1&view=pdfPane,https://resources.huygens.knaw.nl/retroboeken/heinsius/#page=372&accessor=toc&source=1&view=htmlPane
,https://resources.huygens.knaw.nl/retroboeken/heinsius/#page=373&accessor=toc&source=1&view=imagePane,https://resources.huygens.knaw.nl/retroboeken/heinsius/#page=373&accessor=toc&source=1&view=pdfPane,https://resources.huygens.knaw.nl/retroboeken/heinsius/#page=373&accessor=toc&source=1&view=htmlPane
,https://resources.huygens.knaw.nl/retroboeken/heinsius/#page=374&accessor=toc&source=1&view=imagePane,https://resources.huygens.knaw.nl/retroboeken/heinsius/#page=374&accessor=toc&source=1&view=pdfPane,https://resources.huygens.knaw.nl/retroboeken/heinsius/#page=374&accessor=toc&source=1&view=htmlPane
,https://resources.huygens.knaw.nl/retroboeken/heinsius/#page=375&accessor=toc&source=1&view=imagePane,https://resources.huygens.knaw.nl/retroboeken/heinsius/#page=375&accessor=toc&source=1&view=pdfPane,https://resources.huygens.knaw.nl/retroboeken/heinsius/#page=375&accessor=toc&source=1&view=htmlPane
,https://resources.huygens.knaw.nl/retroboeken/heinsius/#page=376&accessor=toc&source=1&view=imagePane,https://resources.huygens.knaw.nl/retroboeken/heinsius/#page=376&accessor=toc&source=1&view=pdfPane,https://resources.huygens.knaw.nl/retroboeken/heinsius/#page=376&accessor=toc&source=1&view=htmlPane
,https://resources.huygens.knaw.nl/retroboeken/heinsius/#page=377&accessor=toc&source=1&view=imagePane,https://resources.huygens.knaw.nl/retroboeken/heinsius/#page=377&accessor=toc&source=1&view=pdfPane,https://resources.huygens.knaw.nl/retroboeken/heinsius/#page=377&accessor=toc&source=1&view=htmlPane
,https://resources.huygens.knaw.nl/retroboeken/heinsius/#page=378&accessor=toc&source=1&view=imagePane,https://resources.huygens.knaw.nl/retroboeken/heinsius/#page=378&accessor=toc&source=1&view=pdfPane,https://resources.huygens.knaw.nl/retroboeken/heinsius/#page=378&accessor=toc&source=1&view=htmlPane
,https://resources.huygens.knaw.nl/retroboeken/heinsius/#page=379&accessor=toc&source=1&view=imagePane,https://resources.huygens.knaw.nl/retroboeken/heinsius/#page=379&accessor=toc&source=1&view=pdfPane,https://resources.huygens.knaw.nl/retroboeken/heinsius/#page=379&accessor=toc&source=1&view=htmlPane
,https://resources.huygens.knaw.nl/retroboeken/heinsius/#page=380&accessor=toc&source=1&view=imagePane,https://resources.huygens.knaw.nl/retroboeken/heinsius/#page=380&accessor=toc&source=1&view=pdfPane,https://resources.huygens.knaw.nl/retroboeken/heinsius/#page=380&accessor=toc&source=1&view=htmlPane
,https://resources.huygens.knaw.nl/retroboeken/heinsius/#page=381&accessor=toc&source=1&view=imagePane,https://resources.huygens.knaw.nl/retroboeken/heinsius/#page=381&accessor=toc&source=1&view=pdfPane,https://resources.huygens.knaw.nl/retroboeken/heinsius/#page=381&accessor=toc&source=1&view=htmlPane
,https://resources.huygens.knaw.nl/retroboeken/heinsius/#page=382&accessor=toc&source=1&view=imagePane,https://resources.huygens.knaw.nl/retroboeken/heinsius/#page=382&accessor=toc&source=1&view=pdfPane,https://resources.huygens.knaw.nl/retroboeken/heinsius/#page=382&accessor=toc&source=1&view=htmlPane
,https://resources.huygens.knaw.nl/retroboeken/heinsius/#page=383&accessor=toc&source=1&view=imagePane,https://resources.huygens.knaw.nl/retroboeken/heinsius/#page=383&accessor=toc&source=1&view=pdfPane,https://resources.huygens.knaw.nl/retroboeken/heinsius/#page=383&accessor=toc&source=1&view=htmlPane
,https://resources.huygens.knaw.nl/retroboeken/heinsius/#page=384&accessor=toc&source=1&view=imagePane,https://resources.huygens.knaw.nl/retroboeken/heinsius/#page=384&accessor=toc&source=1&view=pdfPane,https://resources.huygens.knaw.nl/retroboeken/heinsius/#page=384&accessor=toc&source=1&view=htmlPane
,https://resources.huygens.knaw.nl/retroboeken/heinsius/#page=385&accessor=toc&source=1&view=imagePane,https://resources.huygens.knaw.nl/retroboeken/heinsius/#page=385&accessor=toc&source=1&view=pdfPane,https://resources.huygens.knaw.nl/retroboeken/heinsius/#page=385&accessor=toc&source=1&view=htmlPane
,https://resources.huygens.knaw.nl/retroboeken/heinsius/#page=386&accessor=toc&source=1&view=imagePane,https://resources.huygens.knaw.nl/retroboeken/heinsius/#page=386&accessor=toc&source=1&view=pdfPane,https://resources.huygens.knaw.nl/retroboeken/heinsius/#page=386&accessor=toc&source=1&view=htmlPane
,https://resources.huygens.knaw.nl/retroboeken/heinsius/#page=387&accessor=toc&source=1&view=imagePane,https://resources.huygens.knaw.nl/retroboeken/heinsius/#page=387&accessor=toc&source=1&view=pdfPane,https://resources.huygens.knaw.nl/retroboeken/heinsius/#page=387&accessor=toc&source=1&view=htmlPane
,https://resources.huygens.knaw.nl/retroboeken/heinsius/#page=388&accessor=toc&source=1&view=imagePane,https://resources.huygens.knaw.nl/retroboeken/heinsius/#page=388&accessor=toc&source=1&view=pdfPane,https://resources.huygens.knaw.nl/retroboeken/heinsius/#page=388&accessor=toc&source=1&view=htmlPane
,https://resources.huygens.knaw.nl/retroboeken/heinsius/#page=389&accessor=toc&source=1&view=imagePane,https://resources.huygens.knaw.nl/retroboeken/heinsius/#page=389&accessor=toc&source=1&view=pdfPane,https://resources.huygens.knaw.nl/retroboeken/heinsius/#page=389&accessor=toc&source=1&view=htmlPane
,https://resources.huygens.knaw.nl/retroboeken/heinsius/#page=390&accessor=toc&source=1&view=imagePane,https://resources.huygens.knaw.nl/retroboeken/heinsius/#page=390&accessor=toc&source=1&view=pdfPane,https://resources.huygens.knaw.nl/retroboeken/heinsius/#page=390&accessor=toc&source=1&view=htmlPane
,https://resources.huygens.knaw.nl/retroboeken/heinsius/#page=391&accessor=toc&source=1&view=imagePane,https://resources.huygens.knaw.nl/retroboeken/heinsius/#page=391&accessor=toc&source=1&view=pdfPane,https://resources.huygens.knaw.nl/retroboeken/heinsius/#page=391&accessor=toc&source=1&view=htmlPane
,https://resources.huygens.knaw.nl/retroboeken/heinsius/#page=392&accessor=toc&source=1&view=imagePane,https://resources.huygens.knaw.nl/retroboeken/heinsius/#page=392&accessor=toc&source=1&view=pdfPane,https://resources.huygens.knaw.nl/retroboeken/heinsius/#page=392&accessor=toc&source=1&view=htmlPane
,https://resources.huygens.knaw.nl/retroboeken/heinsius/#page=393&accessor=toc&source=1&view=imagePane,https://resources.huygens.knaw.nl/retroboeken/heinsius/#page=393&accessor=toc&source=1&view=pdfPane,https://resources.huygens.knaw.nl/retroboeken/heinsius/#page=393&accessor=toc&source=1&view=htmlPane
,https://resources.huygens.knaw.nl/retroboeken/heinsius/#page=394&accessor=toc&source=1&view=imagePane,https://resources.huygens.knaw.nl/retroboeken/heinsius/#page=394&accessor=toc&source=1&view=pdfPane,https://resources.huygens.knaw.nl/retroboeken/heinsius/#page=394&accessor=toc&source=1&view=htmlPane
,https://resources.huygens.knaw.nl/retroboeken/heinsius/#page=395&accessor=toc&source=1&view=imagePane,https://resources.huygens.knaw.nl/retroboeken/heinsius/#page=395&accessor=toc&source=1&view=pdfPane,https://resources.huygens.knaw.nl/retroboeken/heinsius/#page=395&accessor=toc&source=1&view=htmlPane
,https://resources.huygens.knaw.nl/retroboeken/heinsius/#page=396&accessor=toc&source=1&view=imagePane,https://resources.huygens.knaw.nl/retroboeken/heinsius/#page=396&accessor=toc&source=1&view=pdfPane,https://resources.huygens.knaw.nl/retroboeken/heinsius/#page=396&accessor=toc&source=1&view=htmlPane
,https://resources.huygens.knaw.nl/retroboeken/heinsius/#page=397&accessor=toc&source=1&view=imagePane,https://resources.huygens.knaw.nl/retroboeken/heinsius/#page=397&accessor=toc&source=1&view=pdfPane,https://resources.huygens.knaw.nl/retroboeken/heinsius/#page=397&accessor=toc&source=1&view=htmlPane
,https://resources.huygens.knaw.nl/retroboeken/heinsius/#page=398&accessor=toc&source=1&view=imagePane,https://resources.huygens.knaw.nl/retroboeken/heinsius/#page=398&accessor=toc&source=1&view=pdfPane,https://resources.huygens.knaw.nl/retroboeken/heinsius/#page=398&accessor=toc&source=1&view=htmlPane
,https://resources.huygens.knaw.nl/retroboeken/heinsius/#page=399&accessor=toc&source=1&view=imagePane,https://resources.huygens.knaw.nl/retroboeken/heinsius/#page=399&accessor=toc&source=1&view=pdfPane,https://resources.huygens.knaw.nl/retroboeken/heinsius/#page=399&accessor=toc&source=1&view=htmlPane
,https://resources.huygens.knaw.nl/retroboeken/heinsius/#page=400&accessor=toc&source=1&view=imagePane,https://resources.huygens.knaw.nl/retroboeken/heinsius/#page=400&accessor=toc&source=1&view=pdfPane,https://resources.huygens.knaw.nl/retroboeken/heinsius/#page=400&accessor=toc&source=1&view=htmlPane
,https://resources.huygens.knaw.nl/retroboeken/heinsius/#page=401&accessor=toc&source=1&view=imagePane,https://resources.huygens.knaw.nl/retroboeken/heinsius/#page=401&accessor=toc&source=1&view=pdfPane,https://resources.huygens.knaw.nl/retroboeken/heinsius/#page=401&accessor=toc&source=1&view=htmlPane
,https://resources.huygens.knaw.nl/retroboeken/heinsius/#page=402&accessor=toc&source=1&view=imagePane,https://resources.huygens.knaw.nl/retroboeken/heinsius/#page=402&accessor=toc&source=1&view=pdfPane,https://resources.huygens.knaw.nl/retroboeken/heinsius/#page=402&accessor=toc&source=1&view=htmlPane
,https://resources.huygens.knaw.nl/retroboeken/heinsius/#page=403&accessor=toc&source=1&view=imagePane,https://resources.huygens.knaw.nl/retroboeken/heinsius/#page=403&accessor=toc&source=1&view=pdfPane,https://resources.huygens.knaw.nl/retroboeken/heinsius/#page=403&accessor=toc&source=1&view=htmlPane
,https://resources.huygens.knaw.nl/retroboeken/heinsius/#page=404&accessor=toc&source=1&view=imagePane,https://resources.huygens.knaw.nl/retroboeken/heinsius/#page=404&accessor=toc&source=1&view=pdfPane,https://resources.huygens.knaw.nl/retroboeken/heinsius/#page=404&accessor=toc&source=1&view=htmlPane
,https://resources.huygens.knaw.nl/retroboeken/heinsius/#page=405&accessor=toc&source=1&view=imagePane,https://resources.huygens.knaw.nl/retroboeken/heinsius/#page=405&accessor=toc&source=1&view=pdfPane,https://resources.huygens.knaw.nl/retroboeken/heinsius/#page=405&accessor=toc&source=1&view=htmlPane
,https://resources.huygens.knaw.nl/retroboeken/heinsius/#page=406&accessor=toc&source=1&view=imagePane,https://resources.huygens.knaw.nl/retroboeken/heinsius/#page=406&accessor=toc&source=1&view=pdfPane,https://resources.huygens.knaw.nl/retroboeken/heinsius/#page=406&accessor=toc&source=1&view=htmlPane
,https://resources.huygens.knaw.nl/retroboeken/heinsius/#page=407&accessor=toc&source=1&view=imagePane,https://resources.huygens.knaw.nl/retroboeken/heinsius/#page=407&accessor=toc&source=1&view=pdfPane,https://resources.huygens.knaw.nl/retroboeken/heinsius/#page=407&accessor=toc&source=1&view=htmlPane
,https://resources.huygens.knaw.nl/retroboeken/heinsius/#page=408&accessor=toc&source=1&view=imagePane,https://resources.huygens.knaw.nl/retroboeken/heinsius/#page=408&accessor=toc&source=1&view=pdfPane,https://resources.huygens.knaw.nl/retroboeken/heinsius/#page=408&accessor=toc&source=1&view=htmlPane
,https://resources.huygens.knaw.nl/retroboeken/heinsius/#page=409&accessor=toc&source=1&view=imagePane,https://resources.huygens.knaw.nl/retroboeken/heinsius/#page=409&accessor=toc&source=1&view=pdfPane,https://resources.huygens.knaw.nl/retroboeken/heinsius/#page=409&accessor=toc&source=1&view=htmlPane
,https://resources.huygens.knaw.nl/retroboeken/heinsius/#page=410&accessor=toc&source=1&view=imagePane,https://resources.huygens.knaw.nl/retroboeken/heinsius/#page=410&accessor=toc&source=1&view=pdfPane,https://resources.huygens.knaw.nl/retroboeken/heinsius/#page=410&accessor=toc&source=1&view=htmlPane
,https://resources.huygens.knaw.nl/retroboeken/heinsius/#page=411&accessor=toc&source=1&view=imagePane,https://resources.huygens.knaw.nl/retroboeken/heinsius/#page=411&accessor=toc&source=1&view=pdfPane,https://resources.huygens.knaw.nl/retroboeken/heinsius/#page=411&accessor=toc&source=1&view=htmlPane
,https://resources.huygens.knaw.nl/retroboeken/heinsius/#page=412&accessor=toc&source=1&view=imagePane,https://resources.huygens.knaw.nl/retroboeken/heinsius/#page=412&accessor=toc&source=1&view=pdfPane,https://resources.huygens.knaw.nl/retroboeken/heinsius/#page=412&accessor=toc&source=1&view=htmlPane
,https://resources.huygens.knaw.nl/retroboeken/heinsius/#page=413&accessor=toc&source=1&view=imagePane,https://resources.huygens.knaw.nl/retroboeken/heinsius/#page=413&accessor=toc&source=1&view=pdfPane,https://resources.huygens.knaw.nl/retroboeken/heinsius/#page=413&accessor=toc&source=1&view=htmlPane
,https://resources.huygens.knaw.nl/retroboeken/heinsius/#page=414&accessor=toc&source=1&view=imagePane,https://resources.huygens.knaw.nl/retroboeken/heinsius/#page=414&accessor=toc&source=1&view=pdfPane,https://resources.huygens.knaw.nl/retroboeken/heinsius/#page=414&accessor=toc&source=1&view=htmlPane
,https://resources.huygens.knaw.nl/retroboeken/heinsius/#page=415&accessor=toc&source=1&view=imagePane,https://resources.huygens.knaw.nl/retroboeken/heinsius/#page=415&accessor=toc&source=1&view=pdfPane,https://resources.huygens.knaw.nl/retroboeken/heinsius/#page=415&accessor=toc&source=1&view=htmlPane
,https://resources.huygens.knaw.nl/retroboeken/heinsius/#page=416&accessor=toc&source=1&view=imagePane,https://resources.huygens.knaw.nl/retroboeken/heinsius/#page=416&accessor=toc&source=1&view=pdfPane,https://resources.huygens.knaw.nl/retroboeken/heinsius/#page=416&accessor=toc&source=1&view=htmlPane
,https://resources.huygens.knaw.nl/retroboeken/heinsius/#page=417&accessor=toc&source=1&view=imagePane,https://resources.huygens.knaw.nl/retroboeken/heinsius/#page=417&accessor=toc&source=1&view=pdfPane,https://resources.huygens.knaw.nl/retroboeken/heinsius/#page=417&accessor=toc&source=1&view=htmlPane
,https://resources.huygens.knaw.nl/retroboeken/heinsius/#page=418&accessor=toc&source=1&view=imagePane,https://resources.huygens.knaw.nl/retroboeken/heinsius/#page=418&accessor=toc&source=1&view=pdfPane,https://resources.huygens.knaw.nl/retroboeken/heinsius/#page=418&accessor=toc&source=1&view=htmlPane
,https://resources.huygens.knaw.nl/retroboeken/heinsius/#page=419&accessor=toc&source=1&view=imagePane,https://resources.huygens.knaw.nl/retroboeken/heinsius/#page=419&accessor=toc&source=1&view=pdfPane,https://resources.huygens.knaw.nl/retroboeken/heinsius/#page=419&accessor=toc&source=1&view=htmlPane
,https://resources.huygens.knaw.nl/retroboeken/heinsius/#page=420&accessor=toc&source=1&view=imagePane,https://resources.huygens.knaw.nl/retroboeken/heinsius/#page=420&accessor=toc&source=1&view=pdfPane,https://resources.huygens.knaw.nl/retroboeken/heinsius/#page=420&accessor=toc&source=1&view=htmlPane
,https://resources.huygens.knaw.nl/retroboeken/heinsius/#page=421&accessor=toc&source=1&view=imagePane,https://resources.huygens.knaw.nl/retroboeken/heinsius/#page=421&accessor=toc&source=1&view=pdfPane,https://resources.huygens.knaw.nl/retroboeken/heinsius/#page=421&accessor=toc&source=1&view=htmlPane
,https://resources.huygens.knaw.nl/retroboeken/heinsius/#page=422&accessor=toc&source=1&view=imagePane,https://resources.huygens.knaw.nl/retroboeken/heinsius/#page=422&accessor=toc&source=1&view=pdfPane,https://resources.huygens.knaw.nl/retroboeken/heinsius/#page=422&accessor=toc&source=1&view=htmlPane
,https://resources.huygens.knaw.nl/retroboeken/heinsius/#page=423&accessor=toc&source=1&view=imagePane,https://resources.huygens.knaw.nl/retroboeken/heinsius/#page=423&accessor=toc&source=1&view=pdfPane,https://resources.huygens.knaw.nl/retroboeken/heinsius/#page=423&accessor=toc&source=1&view=htmlPane
,https://resources.huygens.knaw.nl/retroboeken/heinsius/#page=424&accessor=toc&source=1&view=imagePane,https://resources.huygens.knaw.nl/retroboeken/heinsius/#page=424&accessor=toc&source=1&view=pdfPane,https://resources.huygens.knaw.nl/retroboeken/heinsius/#page=424&accessor=toc&source=1&view=htmlPane
,https://resources.huygens.knaw.nl/retroboeken/heinsius/#page=425&accessor=toc&source=1&view=imagePane,https://resources.huygens.knaw.nl/retroboeken/heinsius/#page=425&accessor=toc&source=1&view=pdfPane,https://resources.huygens.knaw.nl/retroboeken/heinsius/#page=425&accessor=toc&source=1&view=htmlPane
,https://resources.huygens.knaw.nl/retroboeken/heinsius/#page=426&accessor=toc&source=1&view=imagePane,https://resources.huygens.knaw.nl/retroboeken/heinsius/#page=426&accessor=toc&source=1&view=pdfPane,https://resources.huygens.knaw.nl/retroboeken/heinsius/#page=426&accessor=toc&source=1&view=htmlPane
,https://resources.huygens.knaw.nl/retroboeken/heinsius/#page=427&accessor=toc&source=1&view=imagePane,https://resources.huygens.knaw.nl/retroboeken/heinsius/#page=427&accessor=toc&source=1&view=pdfPane,https://resources.huygens.knaw.nl/retroboeken/heinsius/#page=427&accessor=toc&source=1&view=htmlPane
,https://resources.huygens.knaw.nl/retroboeken/heinsius/#page=428&accessor=toc&source=1&view=imagePane,https://resources.huygens.knaw.nl/retroboeken/heinsius/#page=428&accessor=toc&source=1&view=pdfPane,https://resources.huygens.knaw.nl/retroboeken/heinsius/#page=428&accessor=toc&source=1&view=htmlPane
,https://resources.huygens.knaw.nl/retroboeken/heinsius/#page=429&accessor=toc&source=1&view=imagePane,https://resources.huygens.knaw.nl/retroboeken/heinsius/#page=429&accessor=toc&source=1&view=pdfPane,https://resources.huygens.knaw.nl/retroboeken/heinsius/#page=429&accessor=toc&source=1&view=htmlPane
,https://resources.huygens.knaw.nl/retroboeken/heinsius/#page=430&accessor=toc&source=1&view=imagePane,https://resources.huygens.knaw.nl/retroboeken/heinsius/#page=430&accessor=toc&source=1&view=pdfPane,https://resources.huygens.knaw.nl/retroboeken/heinsius/#page=430&accessor=toc&source=1&view=htmlPane
,https://resources.huygens.knaw.nl/retroboeken/heinsius/#page=431&accessor=toc&source=1&view=imagePane,https://resources.huygens.knaw.nl/retroboeken/heinsius/#page=431&accessor=toc&source=1&view=pdfPane,https://resources.huygens.knaw.nl/retroboeken/heinsius/#page=431&accessor=toc&source=1&view=htmlPane
,https://resources.huygens.knaw.nl/retroboeken/heinsius/#page=432&accessor=toc&source=1&view=imagePane,https://resources.huygens.knaw.nl/retroboeken/heinsius/#page=432&accessor=toc&source=1&view=pdfPane,https://resources.huygens.knaw.nl/retroboeken/heinsius/#page=432&accessor=toc&source=1&view=htmlPane
,https://resources.huygens.knaw.nl/retroboeken/heinsius/#page=433&accessor=toc&source=1&view=imagePane,https://resources.huygens.knaw.nl/retroboeken/heinsius/#page=433&accessor=toc&source=1&view=pdfPane,https://resources.huygens.knaw.nl/retroboeken/heinsius/#page=433&accessor=toc&source=1&view=htmlPane
,https://resources.huygens.knaw.nl/retroboeken/heinsius/#page=434&accessor=toc&source=1&view=imagePane,https://resources.huygens.knaw.nl/retroboeken/heinsius/#page=434&accessor=toc&source=1&view=pdfPane,https://resources.huygens.knaw.nl/retroboeken/heinsius/#page=434&accessor=toc&source=1&view=htmlPane
,https://resources.huygens.knaw.nl/retroboeken/heinsius/#page=435&accessor=toc&source=1&view=imagePane,https://resources.huygens.knaw.nl/retroboeken/heinsius/#page=435&accessor=toc&source=1&view=pdfPane,https://resources.huygens.knaw.nl/retroboeken/heinsius/#page=435&accessor=toc&source=1&view=htmlPane
,https://resources.huygens.knaw.nl/retroboeken/heinsius/#page=436&accessor=toc&source=1&view=imagePane,https://resources.huygens.knaw.nl/retroboeken/heinsius/#page=436&accessor=toc&source=1&view=pdfPane,https://resources.huygens.knaw.nl/retroboeken/heinsius/#page=436&accessor=toc&source=1&view=htmlPane
,https://resources.huygens.knaw.nl/retroboeken/heinsius/#page=437&accessor=toc&source=1&view=imagePane,https://resources.huygens.knaw.nl/retroboeken/heinsius/#page=437&accessor=toc&source=1&view=pdfPane,https://resources.huygens.knaw.nl/retroboeken/heinsius/#page=437&accessor=toc&source=1&view=htmlPane
,https://resources.huygens.knaw.nl/retroboeken/heinsius/#page=438&accessor=toc&source=1&view=imagePane,https://resources.huygens.knaw.nl/retroboeken/heinsius/#page=438&accessor=toc&source=1&view=pdfPane,https://resources.huygens.knaw.nl/retroboeken/heinsius/#page=438&accessor=toc&source=1&view=htmlPane
,https://resources.huygens.knaw.nl/retroboeken/heinsius/#page=439&accessor=toc&source=1&view=imagePane,https://resources.huygens.knaw.nl/retroboeken/heinsius/#page=439&accessor=toc&source=1&view=pdfPane,https://resources.huygens.knaw.nl/retroboeken/heinsius/#page=439&accessor=toc&source=1&view=htmlPane
,https://resources.huygens.knaw.nl/retroboeken/heinsius/#page=440&accessor=toc&source=1&view=imagePane,https://resources.huygens.knaw.nl/retroboeken/heinsius/#page=440&accessor=toc&source=1&view=pdfPane,https://resources.huygens.knaw.nl/retroboeken/heinsius/#page=440&accessor=toc&source=1&view=htmlPane
,https://resources.huygens.knaw.nl/retroboeken/heinsius/#page=441&accessor=toc&source=1&view=imagePane,https://resources.huygens.knaw.nl/retroboeken/heinsius/#page=441&accessor=toc&source=1&view=pdfPane,https://resources.huygens.knaw.nl/retroboeken/heinsius/#page=441&accessor=toc&source=1&view=htmlPane
,https://resources.huygens.knaw.nl/retroboeken/heinsius/#page=442&accessor=toc&source=1&view=imagePane,https://resources.huygens.knaw.nl/retroboeken/heinsius/#page=442&accessor=toc&source=1&view=pdfPane,https://resources.huygens.knaw.nl/retroboeken/heinsius/#page=442&accessor=toc&source=1&view=htmlPane
,https://resources.huygens.knaw.nl/retroboeken/heinsius/#page=443&accessor=toc&source=1&view=imagePane,https://resources.huygens.knaw.nl/retroboeken/heinsius/#page=443&accessor=toc&source=1&view=pdfPane,https://resources.huygens.knaw.nl/retroboeken/heinsius/#page=443&accessor=toc&source=1&view=htmlPane
,https://resources.huygens.knaw.nl/retroboeken/heinsius/#page=444&accessor=toc&source=1&view=imagePane,https://resources.huygens.knaw.nl/retroboeken/heinsius/#page=444&accessor=toc&source=1&view=pdfPane,https://resources.huygens.knaw.nl/retroboeken/heinsius/#page=444&accessor=toc&source=1&view=htmlPane
,https://resources.huygens.knaw.nl/retroboeken/heinsius/#page=445&accessor=toc&source=1&view=imagePane,https://resources.huygens.knaw.nl/retroboeken/heinsius/#page=445&accessor=toc&source=1&view=pdfPane,https://resources.huygens.knaw.nl/retroboeken/heinsius/#page=445&accessor=toc&source=1&view=htmlPane
,https://resources.huygens.knaw.nl/retroboeken/heinsius/#page=446&accessor=toc&source=1&view=imagePane,https://resources.huygens.knaw.nl/retroboeken/heinsius/#page=446&accessor=toc&source=1&view=pdfPane,https://resources.huygens.knaw.nl/retroboeken/heinsius/#page=446&accessor=toc&source=1&view=htmlPane
,https://resources.huygens.knaw.nl/retroboeken/heinsius/#page=447&accessor=toc&source=1&view=imagePane,https://resources.huygens.knaw.nl/retroboeken/heinsius/#page=447&accessor=toc&source=1&view=pdfPane,https://resources.huygens.knaw.nl/retroboeken/heinsius/#page=447&accessor=toc&source=1&view=htmlPane
,https://resources.huygens.knaw.nl/retroboeken/heinsius/#page=448&accessor=toc&source=1&view=imagePane,https://resources.huygens.knaw.nl/retroboeken/heinsius/#page=448&accessor=toc&source=1&view=pdfPane,https://resources.huygens.knaw.nl/retroboeken/heinsius/#page=448&accessor=toc&source=1&view=htmlPane
,https://resources.huygens.knaw.nl/retroboeken/heinsius/#page=449&accessor=toc&source=1&view=imagePane,https://resources.huygens.knaw.nl/retroboeken/heinsius/#page=449&accessor=toc&source=1&view=pdfPane,https://resources.huygens.knaw.nl/retroboeken/heinsius/#page=449&accessor=toc&source=1&view=htmlPane
,https://resources.huygens.knaw.nl/retroboeken/heinsius/#page=450&accessor=toc&source=1&view=imagePane,https://resources.huygens.knaw.nl/retroboeken/heinsius/#page=450&accessor=toc&source=1&view=pdfPane,https://resources.huygens.knaw.nl/retroboeken/heinsius/#page=450&accessor=toc&source=1&view=htmlPane
,https://resources.huygens.knaw.nl/retroboeken/heinsius/#page=451&accessor=toc&source=1&view=imagePane,https://resources.huygens.knaw.nl/retroboeken/heinsius/#page=451&accessor=toc&source=1&view=pdfPane,https://resources.huygens.knaw.nl/retroboeken/heinsius/#page=451&accessor=toc&source=1&view=htmlPane
,https://resources.huygens.knaw.nl/retroboeken/heinsius/#page=452&accessor=toc&source=1&view=imagePane,https://resources.huygens.knaw.nl/retroboeken/heinsius/#page=452&accessor=toc&source=1&view=pdfPane,https://resources.huygens.knaw.nl/retroboeken/heinsius/#page=452&accessor=toc&source=1&view=htmlPane
,https://resources.huygens.knaw.nl/retroboeken/heinsius/#page=453&accessor=toc&source=1&view=imagePane,https://resources.huygens.knaw.nl/retroboeken/heinsius/#page=453&accessor=toc&source=1&view=pdfPane,https://resources.huygens.knaw.nl/retroboeken/heinsius/#page=453&accessor=toc&source=1&view=htmlPane
,https://resources.huygens.knaw.nl/retroboeken/heinsius/#page=454&accessor=toc&source=1&view=imagePane,https://resources.huygens.knaw.nl/retroboeken/heinsius/#page=454&accessor=toc&source=1&view=pdfPane,https://resources.huygens.knaw.nl/retroboeken/heinsius/#page=454&accessor=toc&source=1&view=htmlPane
,https://resources.huygens.knaw.nl/retroboeken/heinsius/#page=455&accessor=toc&source=1&view=imagePane,https://resources.huygens.knaw.nl/retroboeken/heinsius/#page=455&accessor=toc&source=1&view=pdfPane,https://resources.huygens.knaw.nl/retroboeken/heinsius/#page=455&accessor=toc&source=1&view=htmlPane
,https://resources.huygens.knaw.nl/retroboeken/heinsius/#page=456&accessor=toc&source=1&view=imagePane,https://resources.huygens.knaw.nl/retroboeken/heinsius/#page=456&accessor=toc&source=1&view=pdfPane,https://resources.huygens.knaw.nl/retroboeken/heinsius/#page=456&accessor=toc&source=1&view=htmlPane
,https://resources.huygens.knaw.nl/retroboeken/heinsius/#page=457&accessor=toc&source=1&view=imagePane,https://resources.huygens.knaw.nl/retroboeken/heinsius/#page=457&accessor=toc&source=1&view=pdfPane,https://resources.huygens.knaw.nl/retroboeken/heinsius/#page=457&accessor=toc&source=1&view=htmlPane
,https://resources.huygens.knaw.nl/retroboeken/heinsius/#page=458&accessor=toc&source=1&view=imagePane,https://resources.huygens.knaw.nl/retroboeken/heinsius/#page=458&accessor=toc&source=1&view=pdfPane,https://resources.huygens.knaw.nl/retroboeken/heinsius/#page=458&accessor=toc&source=1&view=htmlPane
,https://resources.huygens.knaw.nl/retroboeken/heinsius/#page=459&accessor=toc&source=1&view=imagePane,https://resources.huygens.knaw.nl/retroboeken/heinsius/#page=459&accessor=toc&source=1&view=pdfPane,https://resources.huygens.knaw.nl/retroboeken/heinsius/#page=459&accessor=toc&source=1&view=htmlPane
,https://resources.huygens.knaw.nl/retroboeken/heinsius/#page=460&accessor=toc&source=1&view=imagePane,https://resources.huygens.knaw.nl/retroboeken/heinsius/#page=460&accessor=toc&source=1&view=pdfPane,https://resources.huygens.knaw.nl/retroboeken/heinsius/#page=460&accessor=toc&source=1&view=htmlPane
,https://resources.huygens.knaw.nl/retroboeken/heinsius/#page=461&accessor=toc&source=1&view=imagePane,https://resources.huygens.knaw.nl/retroboeken/heinsius/#page=461&accessor=toc&source=1&view=pdfPane,https://resources.huygens.knaw.nl/retroboeken/heinsius/#page=461&accessor=toc&source=1&view=htmlPane
,https://resources.huygens.knaw.nl/retroboeken/heinsius/#page=462&accessor=toc&source=1&view=imagePane,https://resources.huygens.knaw.nl/retroboeken/heinsius/#page=462&accessor=toc&source=1&view=pdfPane,https://resources.huygens.knaw.nl/retroboeken/heinsius/#page=462&accessor=toc&source=1&view=htmlPane
,https://resources.huygens.knaw.nl/retroboeken/heinsius/#page=463&accessor=toc&source=1&view=imagePane,https://resources.huygens.knaw.nl/retroboeken/heinsius/#page=463&accessor=toc&source=1&view=pdfPane,https://resources.huygens.knaw.nl/retroboeken/heinsius/#page=463&accessor=toc&source=1&view=htmlPane
,https://resources.huygens.knaw.nl/retroboeken/heinsius/#page=464&accessor=toc&source=1&view=imagePane,https://resources.huygens.knaw.nl/retroboeken/heinsius/#page=464&accessor=toc&source=1&view=pdfPane,https://resources.huygens.knaw.nl/retroboeken/heinsius/#page=464&accessor=toc&source=1&view=htmlPane
,https://resources.huygens.knaw.nl/retroboeken/heinsius/#page=465&accessor=toc&source=1&view=imagePane,https://resources.huygens.knaw.nl/retroboeken/heinsius/#page=465&accessor=toc&source=1&view=pdfPane,https://resources.huygens.knaw.nl/retroboeken/heinsius/#page=465&accessor=toc&source=1&view=htmlPane
,https://resources.huygens.knaw.nl/retroboeken/heinsius/#page=466&accessor=toc&source=1&view=imagePane,https://resources.huygens.knaw.nl/retroboeken/heinsius/#page=466&accessor=toc&source=1&view=pdfPane,https://resources.huygens.knaw.nl/retroboeken/heinsius/#page=466&accessor=toc&source=1&view=htmlPane
,https://resources.huygens.knaw.nl/retroboeken/heinsius/#page=467&accessor=toc&source=1&view=imagePane,https://resources.huygens.knaw.nl/retroboeken/heinsius/#page=467&accessor=toc&source=1&view=pdfPane,https://resources.huygens.knaw.nl/retroboeken/heinsius/#page=467&accessor=toc&source=1&view=htmlPane
,https://resources.huygens.knaw.nl/retroboeken/heinsius/#page=468&accessor=toc&source=1&view=imagePane,https://resources.huygens.knaw.nl/retroboeken/heinsius/#page=468&accessor=toc&source=1&view=pdfPane,https://resources.huygens.knaw.nl/retroboeken/heinsius/#page=468&accessor=toc&source=1&view=htmlPane
,https://resources.huygens.knaw.nl/retroboeken/heinsius/#page=469&accessor=toc&source=1&view=imagePane,https://resources.huygens.knaw.nl/retroboeken/heinsius/#page=469&accessor=toc&source=1&view=pdfPane,https://resources.huygens.knaw.nl/retroboeken/heinsius/#page=469&accessor=toc&source=1&view=htmlPane
,https://resources.huygens.knaw.nl/retroboeken/heinsius/#page=470&accessor=toc&source=1&view=imagePane,https://resources.huygens.knaw.nl/retroboeken/heinsius/#page=470&accessor=toc&source=1&view=pdfPane,https://resources.huygens.knaw.nl/retroboeken/heinsius/#page=470&accessor=toc&source=1&view=htmlPane
,https://resources.huygens.knaw.nl/retroboeken/heinsius/#page=471&accessor=toc&source=1&view=imagePane,https://resources.huygens.knaw.nl/retroboeken/heinsius/#page=471&accessor=toc&source=1&view=pdfPane,https://resources.huygens.knaw.nl/retroboeken/heinsius/#page=471&accessor=toc&source=1&view=htmlPane
,https://resources.huygens.knaw.nl/retroboeken/heinsius/#page=472&accessor=toc&source=1&view=imagePane,https://resources.huygens.knaw.nl/retroboeken/heinsius/#page=472&accessor=toc&source=1&view=pdfPane,https://resources.huygens.knaw.nl/retroboeken/heinsius/#page=472&accessor=toc&source=1&view=htmlPane
,https://resources.huygens.knaw.nl/retroboeken/heinsius/#page=473&accessor=toc&source=1&view=imagePane,https://resources.huygens.knaw.nl/retroboeken/heinsius/#page=473&accessor=toc&source=1&view=pdfPane,https://resources.huygens.knaw.nl/retroboeken/heinsius/#page=473&accessor=toc&source=1&view=htmlPane
,https://resources.huygens.knaw.nl/retroboeken/heinsius/#page=474&accessor=toc&source=1&view=imagePane,https://resources.huygens.knaw.nl/retroboeken/heinsius/#page=474&accessor=toc&source=1&view=pdfPane,https://resources.huygens.knaw.nl/retroboeken/heinsius/#page=474&accessor=toc&source=1&view=htmlPane
,https://resources.huygens.knaw.nl/retroboeken/heinsius/#page=475&accessor=toc&source=1&view=imagePane,https://resources.huygens.knaw.nl/retroboeken/heinsius/#page=475&accessor=toc&source=1&view=pdfPane,https://resources.huygens.knaw.nl/retroboeken/heinsius/#page=475&accessor=toc&source=1&view=htmlPane
,https://resources.huygens.knaw.nl/retroboeken/heinsius/#page=476&accessor=toc&source=1&view=imagePane,https://resources.huygens.knaw.nl/retroboeken/heinsius/#page=476&accessor=toc&source=1&view=pdfPane,https://resources.huygens.knaw.nl/retroboeken/heinsius/#page=476&accessor=toc&source=1&view=htmlPane
,https://resources.huygens.knaw.nl/retroboeken/heinsius/#page=477&accessor=toc&source=1&view=imagePane,https://resources.huygens.knaw.nl/retroboeken/heinsius/#page=477&accessor=toc&source=1&view=pdfPane,https://resources.huygens.knaw.nl/retroboeken/heinsius/#page=477&accessor=toc&source=1&view=htmlPane
,https://resources.huygens.knaw.nl/retroboeken/heinsius/#page=478&accessor=toc&source=1&view=imagePane,https://resources.huygens.knaw.nl/retroboeken/heinsius/#page=478&accessor=toc&source=1&view=pdfPane,https://resources.huygens.knaw.nl/retroboeken/heinsius/#page=478&accessor=toc&source=1&view=htmlPane
,https://resources.huygens.knaw.nl/retroboeken/heinsius/#page=479&accessor=toc&source=1&view=imagePane,https://resources.huygens.knaw.nl/retroboeken/heinsius/#page=479&accessor=toc&source=1&view=pdfPane,https://resources.huygens.knaw.nl/retroboeken/heinsius/#page=479&accessor=toc&source=1&view=htmlPane
,https://resources.huygens.knaw.nl/retroboeken/heinsius/#page=480&accessor=toc&source=1&view=imagePane,https://resources.huygens.knaw.nl/retroboeken/heinsius/#page=480&accessor=toc&source=1&view=pdfPane,https://resources.huygens.knaw.nl/retroboeken/heinsius/#page=480&accessor=toc&source=1&view=htmlPane
,https://resources.huygens.knaw.nl/retroboeken/heinsius/#page=481&accessor=toc&source=1&view=imagePane,https://resources.huygens.knaw.nl/retroboeken/heinsius/#page=481&accessor=toc&source=1&view=pdfPane,https://resources.huygens.knaw.nl/retroboeken/heinsius/#page=481&accessor=toc&source=1&view=htmlPane
,https://resources.huygens.knaw.nl/retroboeken/heinsius/#page=482&accessor=toc&source=1&view=imagePane,https://resources.huygens.knaw.nl/retroboeken/heinsius/#page=482&accessor=toc&source=1&view=pdfPane,https://resources.huygens.knaw.nl/retroboeken/heinsius/#page=482&accessor=toc&source=1&view=htmlPane
,https://resources.huygens.knaw.nl/retroboeken/heinsius/#page=483&accessor=toc&source=1&view=imagePane,https://resources.huygens.knaw.nl/retroboeken/heinsius/#page=483&accessor=toc&source=1&view=pdfPane,https://resources.huygens.knaw.nl/retroboeken/heinsius/#page=483&accessor=toc&source=1&view=htmlPane
,https://resources.huygens.knaw.nl/retroboeken/heinsius/#page=484&accessor=toc&source=1&view=imagePane,https://resources.huygens.knaw.nl/retroboeken/heinsius/#page=484&accessor=toc&source=1&view=pdfPane,https://resources.huygens.knaw.nl/retroboeken/heinsius/#page=484&accessor=toc&source=1&view=htmlPane
,https://resources.huygens.knaw.nl/retroboeken/heinsius/#page=485&accessor=toc&source=1&view=imagePane,https://resources.huygens.knaw.nl/retroboeken/heinsius/#page=485&accessor=toc&source=1&view=pdfPane,https://resources.huygens.knaw.nl/retroboeken/heinsius/#page=485&accessor=toc&source=1&view=htmlPane
,https://resources.huygens.knaw.nl/retroboeken/heinsius/#page=486&accessor=toc&source=1&view=imagePane,https://resources.huygens.knaw.nl/retroboeken/heinsius/#page=486&accessor=toc&source=1&view=pdfPane,https://resources.huygens.knaw.nl/retroboeken/heinsius/#page=486&accessor=toc&source=1&view=htmlPane
,https://resources.huygens.knaw.nl/retroboeken/heinsius/#page=487&accessor=toc&source=1&view=imagePane,https://resources.huygens.knaw.nl/retroboeken/heinsius/#page=487&accessor=toc&source=1&view=pdfPane,https://resources.huygens.knaw.nl/retroboeken/heinsius/#page=487&accessor=toc&source=1&view=htmlPane
,https://resources.huygens.knaw.nl/retroboeken/heinsius/#page=488&accessor=toc&source=1&view=imagePane,https://resources.huygens.knaw.nl/retroboeken/heinsius/#page=488&accessor=toc&source=1&view=pdfPane,https://resources.huygens.knaw.nl/retroboeken/heinsius/#page=488&accessor=toc&source=1&view=htmlPane
,https://resources.huygens.knaw.nl/retroboeken/heinsius/#page=489&accessor=toc&source=1&view=imagePane,https://resources.huygens.knaw.nl/retroboeken/heinsius/#page=489&accessor=toc&source=1&view=pdfPane,https://resources.huygens.knaw.nl/retroboeken/heinsius/#page=489&accessor=toc&source=1&view=htmlPane
,https://resources.huygens.knaw.nl/retroboeken/heinsius/#page=490&accessor=toc&source=1&view=imagePane,https://resources.huygens.knaw.nl/retroboeken/heinsius/#page=490&accessor=toc&source=1&view=pdfPane,https://resources.huygens.knaw.nl/retroboeken/heinsius/#page=490&accessor=toc&source=1&view=htmlPane
,https://resources.huygens.knaw.nl/retroboeken/heinsius/#page=491&accessor=toc&source=1&view=imagePane,https://resources.huygens.knaw.nl/retroboeken/heinsius/#page=491&accessor=toc&source=1&view=pdfPane,https://resources.huygens.knaw.nl/retroboeken/heinsius/#page=491&accessor=toc&source=1&view=htmlPane
,https://resources.huygens.knaw.nl/retroboeken/heinsius/#page=492&accessor=toc&source=1&view=imagePane,https://resources.huygens.knaw.nl/retroboeken/heinsius/#page=492&accessor=toc&source=1&view=pdfPane,https://resources.huygens.knaw.nl/retroboeken/heinsius/#page=492&accessor=toc&source=1&view=htmlPane
,https://resources.huygens.knaw.nl/retroboeken/heinsius/#page=493&accessor=toc&source=1&view=imagePane,https://resources.huygens.knaw.nl/retroboeken/heinsius/#page=493&accessor=toc&source=1&view=pdfPane,https://resources.huygens.knaw.nl/retroboeken/heinsius/#page=493&accessor=toc&source=1&view=htmlPane
,https://resources.huygens.knaw.nl/retroboeken/heinsius/#page=494&accessor=toc&source=1&view=imagePane,https://resources.huygens.knaw.nl/retroboeken/heinsius/#page=494&accessor=toc&source=1&view=pdfPane,https://resources.huygens.knaw.nl/retroboeken/heinsius/#page=494&accessor=toc&source=1&view=htmlPane
,https://resources.huygens.knaw.nl/retroboeken/heinsius/#page=495&accessor=toc&source=1&view=imagePane,https://resources.huygens.knaw.nl/retroboeken/heinsius/#page=495&accessor=toc&source=1&view=pdfPane,https://resources.huygens.knaw.nl/retroboeken/heinsius/#page=495&accessor=toc&source=1&view=htmlPane
,https://resources.huygens.knaw.nl/retroboeken/heinsius/#page=496&accessor=toc&source=1&view=imagePane,https://resources.huygens.knaw.nl/retroboeken/heinsius/#page=496&accessor=toc&source=1&view=pdfPane,https://resources.huygens.knaw.nl/retroboeken/heinsius/#page=496&accessor=toc&source=1&view=htmlPane
,https://resources.huygens.knaw.nl/retroboeken/heinsius/#page=497&accessor=toc&source=1&view=imagePane,https://resources.huygens.knaw.nl/retroboeken/heinsius/#page=497&accessor=toc&source=1&view=pdfPane,https://resources.huygens.knaw.nl/retroboeken/heinsius/#page=497&accessor=toc&source=1&view=htmlPane
,https://resources.huygens.knaw.nl/retroboeken/heinsius/#page=498&accessor=toc&source=1&view=imagePane,https://resources.huygens.knaw.nl/retroboeken/heinsius/#page=498&accessor=toc&source=1&view=pdfPane,https://resources.huygens.knaw.nl/retroboeken/heinsius/#page=498&accessor=toc&source=1&view=htmlPane
,https://resources.huygens.knaw.nl/retroboeken/heinsius/#page=499&accessor=toc&source=1&view=imagePane,https://resources.huygens.knaw.nl/retroboeken/heinsius/#page=499&accessor=toc&source=1&view=pdfPane,https://resources.huygens.knaw.nl/retroboeken/heinsius/#page=499&accessor=toc&source=1&view=htmlPane
,https://resources.huygens.knaw.nl/retroboeken/heinsius/#page=500&accessor=toc&source=1&view=imagePane,https://resources.huygens.knaw.nl/retroboeken/heinsius/#page=500&accessor=toc&source=1&view=pdfPane,https://resources.huygens.knaw.nl/retroboeken/heinsius/#page=500&accessor=toc&source=1&view=htmlPane
,https://resources.huygens.knaw.nl/retroboeken/heinsius/#page=501&accessor=toc&source=1&view=imagePane,https://resources.huygens.knaw.nl/retroboeken/heinsius/#page=501&accessor=toc&source=1&view=pdfPane,https://resources.huygens.knaw.nl/retroboeken/heinsius/#page=501&accessor=toc&source=1&view=htmlPane
,https://resources.huygens.knaw.nl/retroboeken/heinsius/#page=502&accessor=toc&source=1&view=imagePane,https://resources.huygens.knaw.nl/retroboeken/heinsius/#page=502&accessor=toc&source=1&view=pdfPane,https://resources.huygens.knaw.nl/retroboeken/heinsius/#page=502&accessor=toc&source=1&view=htmlPane
,https://resources.huygens.knaw.nl/retroboeken/heinsius/#page=503&accessor=toc&source=1&view=imagePane,https://resources.huygens.knaw.nl/retroboeken/heinsius/#page=503&accessor=toc&source=1&view=pdfPane,https://resources.huygens.knaw.nl/retroboeken/heinsius/#page=503&accessor=toc&source=1&view=htmlPane
,https://resources.huygens.knaw.nl/retroboeken/heinsius/#page=504&accessor=toc&source=1&view=imagePane,https://resources.huygens.knaw.nl/retroboeken/heinsius/#page=504&accessor=toc&source=1&view=pdfPane,https://resources.huygens.knaw.nl/retroboeken/heinsius/#page=504&accessor=toc&source=1&view=htmlPane
,https://resources.huygens.knaw.nl/retroboeken/heinsius/#page=505&accessor=toc&source=1&view=imagePane,https://resources.huygens.knaw.nl/retroboeken/heinsius/#page=505&accessor=toc&source=1&view=pdfPane,https://resources.huygens.knaw.nl/retroboeken/heinsius/#page=505&accessor=toc&source=1&view=htmlPane
,https://resources.huygens.knaw.nl/retroboeken/heinsius/#page=506&accessor=toc&source=1&view=imagePane,https://resources.huygens.knaw.nl/retroboeken/heinsius/#page=506&accessor=toc&source=1&view=pdfPane,https://resources.huygens.knaw.nl/retroboeken/heinsius/#page=506&accessor=toc&source=1&view=htmlPane
,https://resources.huygens.knaw.nl/retroboeken/heinsius/#page=507&accessor=toc&source=1&view=imagePane,https://resources.huygens.knaw.nl/retroboeken/heinsius/#page=507&accessor=toc&source=1&view=pdfPane,https://resources.huygens.knaw.nl/retroboeken/heinsius/#page=507&accessor=toc&source=1&view=htmlPane
,https://resources.huygens.knaw.nl/retroboeken/heinsius/#page=508&accessor=toc&source=1&view=imagePane,https://resources.huygens.knaw.nl/retroboeken/heinsius/#page=508&accessor=toc&source=1&view=pdfPane,https://resources.huygens.knaw.nl/retroboeken/heinsius/#page=508&accessor=toc&source=1&view=htmlPane
,https://resources.huygens.knaw.nl/retroboeken/heinsius/#page=509&accessor=toc&source=1&view=imagePane,https://resources.huygens.knaw.nl/retroboeken/heinsius/#page=509&accessor=toc&source=1&view=pdfPane,https://resources.huygens.knaw.nl/retroboeken/heinsius/#page=509&accessor=toc&source=1&view=htmlPane
,https://resources.huygens.knaw.nl/retroboeken/heinsius/#page=510&accessor=toc&source=1&view=imagePane,https://resources.huygens.knaw.nl/retroboeken/heinsius/#page=510&accessor=toc&source=1&view=pdfPane,https://resources.huygens.knaw.nl/retroboeken/heinsius/#page=510&accessor=toc&source=1&view=htmlPane
,https://resources.huygens.knaw.nl/retroboeken/heinsius/#page=511&accessor=toc&source=1&view=imagePane,https://resources.huygens.knaw.nl/retroboeken/heinsius/#page=511&accessor=toc&source=1&view=pdfPane,https://resources.huygens.knaw.nl/retroboeken/heinsius/#page=511&accessor=toc&source=1&view=htmlPane
,https://resources.huygens.knaw.nl/retroboeken/heinsius/#page=512&accessor=toc&source=1&view=imagePane,https://resources.huygens.knaw.nl/retroboeken/heinsius/#page=512&accessor=toc&source=1&view=pdfPane,https://resources.huygens.knaw.nl/retroboeken/heinsius/#page=512&accessor=toc&source=1&view=htmlPane
,https://resources.huygens.knaw.nl/retroboeken/heinsius/#page=513&accessor=toc&source=1&view=imagePane,https://resources.huygens.knaw.nl/retroboeken/heinsius/#page=513&accessor=toc&source=1&view=pdfPane,https://resources.huygens.knaw.nl/retroboeken/heinsius/#page=513&accessor=toc&source=1&view=htmlPane
,https://resources.huygens.knaw.nl/retroboeken/heinsius/#page=514&accessor=toc&source=1&view=imagePane,https://resources.huygens.knaw.nl/retroboeken/heinsius/#page=514&accessor=toc&source=1&view=pdfPane,https://resources.huygens.knaw.nl/retroboeken/heinsius/#page=514&accessor=toc&source=1&view=htmlPane
,https://resources.huygens.knaw.nl/retroboeken/heinsius/#page=515&accessor=toc&source=1&view=imagePane,https://resources.huygens.knaw.nl/retroboeken/heinsius/#page=515&accessor=toc&source=1&view=pdfPane,https://resources.huygens.knaw.nl/retroboeken/heinsius/#page=515&accessor=toc&source=1&view=htmlPane
,https://resources.huygens.knaw.nl/retroboeken/heinsius/#page=516&accessor=toc&source=1&view=imagePane,https://resources.huygens.knaw.nl/retroboeken/heinsius/#page=516&accessor=toc&source=1&view=pdfPane,https://resources.huygens.knaw.nl/retroboeken/heinsius/#page=516&accessor=toc&source=1&view=htmlPane
,https://resources.huygens.knaw.nl/retroboeken/heinsius/#page=517&accessor=toc&source=1&view=imagePane,https://resources.huygens.knaw.nl/retroboeken/heinsius/#page=517&accessor=toc&source=1&view=pdfPane,https://resources.huygens.knaw.nl/retroboeken/heinsius/#page=517&accessor=toc&source=1&view=htmlPane
,https://resources.huygens.knaw.nl/retroboeken/heinsius/#page=518&accessor=toc&source=1&view=imagePane,https://resources.huygens.knaw.nl/retroboeken/heinsius/#page=518&accessor=toc&source=1&view=pdfPane,https://resources.huygens.knaw.nl/retroboeken/heinsius/#page=518&accessor=toc&source=1&view=htmlPane
,https://resources.huygens.knaw.nl/retroboeken/heinsius/#page=519&accessor=toc&source=1&view=imagePane,https://resources.huygens.knaw.nl/retroboeken/heinsius/#page=519&accessor=toc&source=1&view=pdfPane,https://resources.huygens.knaw.nl/retroboeken/heinsius/#page=519&accessor=toc&source=1&view=htmlPane
,https://resources.huygens.knaw.nl/retroboeken/heinsius/#page=520&accessor=toc&source=1&view=imagePane,https://resources.huygens.knaw.nl/retroboeken/heinsius/#page=520&accessor=toc&source=1&view=pdfPane,https://resources.huygens.knaw.nl/retroboeken/heinsius/#page=520&accessor=toc&source=1&view=htmlPane
,https://resources.huygens.knaw.nl/retroboeken/heinsius/#page=521&accessor=toc&source=1&view=imagePane,https://resources.huygens.knaw.nl/retroboeken/heinsius/#page=521&accessor=toc&source=1&view=pdfPane,https://resources.huygens.knaw.nl/retroboeken/heinsius/#page=521&accessor=toc&source=1&view=htmlPane
,https://resources.huygens.knaw.nl/retroboeken/heinsius/#page=522&accessor=toc&source=1&view=imagePane,https://resources.huygens.knaw.nl/retroboeken/heinsius/#page=522&accessor=toc&source=1&view=pdfPane,https://resources.huygens.knaw.nl/retroboeken/heinsius/#page=522&accessor=toc&source=1&view=htmlPane
,https://resources.huygens.knaw.nl/retroboeken/heinsius/#page=523&accessor=toc&source=1&view=imagePane,https://resources.huygens.knaw.nl/retroboeken/heinsius/#page=523&accessor=toc&source=1&view=pdfPane,https://resources.huygens.knaw.nl/retroboeken/heinsius/#page=523&accessor=toc&source=1&view=htmlPane
,https://resources.huygens.knaw.nl/retroboeken/heinsius/#page=524&accessor=toc&source=1&view=imagePane,https://resources.huygens.knaw.nl/retroboeken/heinsius/#page=524&accessor=toc&source=1&view=pdfPane,https://resources.huygens.knaw.nl/retroboeken/heinsius/#page=524&accessor=toc&source=1&view=htmlPane
,https://resources.huygens.knaw.nl/retroboeken/heinsius/#page=525&accessor=toc&source=1&view=imagePane,https://resources.huygens.knaw.nl/retroboeken/heinsius/#page=525&accessor=toc&source=1&view=pdfPane,https://resources.huygens.knaw.nl/retroboeken/heinsius/#page=525&accessor=toc&source=1&view=htmlPane
,https://resources.huygens.knaw.nl/retroboeken/heinsius/#page=526&accessor=toc&source=1&view=imagePane,https://resources.huygens.knaw.nl/retroboeken/heinsius/#page=526&accessor=toc&source=1&view=pdfPane,https://resources.huygens.knaw.nl/retroboeken/heinsius/#page=526&accessor=toc&source=1&view=htmlPane
,https://resources.huygens.knaw.nl/retroboeken/heinsius/#page=527&accessor=toc&source=1&view=imagePane,https://resources.huygens.knaw.nl/retroboeken/heinsius/#page=527&accessor=toc&source=1&view=pdfPane,https://resources.huygens.knaw.nl/retroboeken/heinsius/#page=527&accessor=toc&source=1&view=htmlPane
,https://resources.huygens.knaw.nl/retroboeken/heinsius/#page=528&accessor=toc&source=1&view=imagePane,https://resources.huygens.knaw.nl/retroboeken/heinsius/#page=528&accessor=toc&source=1&view=pdfPane,https://resources.huygens.knaw.nl/retroboeken/heinsius/#page=528&accessor=toc&source=1&view=htmlPane
,https://resources.huygens.knaw.nl/retroboeken/heinsius/#page=529&accessor=toc&source=1&view=imagePane,https://resources.huygens.knaw.nl/retroboeken/heinsius/#page=529&accessor=toc&source=1&view=pdfPane,https://resources.huygens.knaw.nl/retroboeken/heinsius/#page=529&accessor=toc&source=1&view=htmlPane
,https://resources.huygens.knaw.nl/retroboeken/heinsius/#page=530&accessor=toc&source=1&view=imagePane,https://resources.huygens.knaw.nl/retroboeken/heinsius/#page=530&accessor=toc&source=1&view=pdfPane,https://resources.huygens.knaw.nl/retroboeken/heinsius/#page=530&accessor=toc&source=1&view=htmlPane
,https://resources.huygens.knaw.nl/retroboeken/heinsius/#page=531&accessor=toc&source=1&view=imagePane,https://resources.huygens.knaw.nl/retroboeken/heinsius/#page=531&accessor=toc&source=1&view=pdfPane,https://resources.huygens.knaw.nl/retroboeken/heinsius/#page=531&accessor=toc&source=1&view=htmlPane
,https://resources.huygens.knaw.nl/retroboeken/heinsius/#page=532&accessor=toc&source=1&view=imagePane,https://resources.huygens.knaw.nl/retroboeken/heinsius/#page=532&accessor=toc&source=1&view=pdfPane,https://resources.huygens.knaw.nl/retroboeken/heinsius/#page=532&accessor=toc&source=1&view=htmlPane
,https://resources.huygens.knaw.nl/retroboeken/heinsius/#page=533&accessor=toc&source=1&view=imagePane,https://resources.huygens.knaw.nl/retroboeken/heinsius/#page=533&accessor=toc&source=1&view=pdfPane,https://resources.huygens.knaw.nl/retroboeken/heinsius/#page=533&accessor=toc&source=1&view=htmlPane
,https://resources.huygens.knaw.nl/retroboeken/heinsius/#page=534&accessor=toc&source=1&view=imagePane,https://resources.huygens.knaw.nl/retroboeken/heinsius/#page=534&accessor=toc&source=1&view=pdfPane,https://resources.huygens.knaw.nl/retroboeken/heinsius/#page=534&accessor=toc&source=1&view=htmlPane
,https://resources.huygens.knaw.nl/retroboeken/heinsius/#page=535&accessor=toc&source=1&view=imagePane,https://resources.huygens.knaw.nl/retroboeken/heinsius/#page=535&accessor=toc&source=1&view=pdfPane,https://resources.huygens.knaw.nl/retroboeken/heinsius/#page=535&accessor=toc&source=1&view=htmlPane
,https://resources.huygens.knaw.nl/retroboeken/heinsius/#page=536&accessor=toc&source=1&view=imagePane,https://resources.huygens.knaw.nl/retroboeken/heinsius/#page=536&accessor=toc&source=1&view=pdfPane,https://resources.huygens.knaw.nl/retroboeken/heinsius/#page=536&accessor=toc&source=1&view=htmlPane
,https://resources.huygens.knaw.nl/retroboeken/heinsius/#page=537&accessor=toc&source=1&view=imagePane,https://resources.huygens.knaw.nl/retroboeken/heinsius/#page=537&accessor=toc&source=1&view=pdfPane,https://resources.huygens.knaw.nl/retroboeken/heinsius/#page=537&accessor=toc&source=1&view=htmlPane
,https://resources.huygens.knaw.nl/retroboeken/heinsius/#page=538&accessor=toc&source=1&view=imagePane,https://resources.huygens.knaw.nl/retroboeken/heinsius/#page=538&accessor=toc&source=1&view=pdfPane,https://resources.huygens.knaw.nl/retroboeken/heinsius/#page=538&accessor=toc&source=1&view=htmlPane
,https://resources.huygens.knaw.nl/retroboeken/heinsius/#page=539&accessor=toc&source=1&view=imagePane,https://resources.huygens.knaw.nl/retroboeken/heinsius/#page=539&accessor=toc&source=1&view=pdfPane,https://resources.huygens.knaw.nl/retroboeken/heinsius/#page=539&accessor=toc&source=1&view=htmlPane
,https://resources.huygens.knaw.nl/retroboeken/heinsius/#page=540&accessor=toc&source=1&view=imagePane,https://resources.huygens.knaw.nl/retroboeken/heinsius/#page=540&accessor=toc&source=1&view=pdfPane,https://resources.huygens.knaw.nl/retroboeken/heinsius/#page=540&accessor=toc&source=1&view=htmlPane
,https://resources.huygens.knaw.nl/retroboeken/heinsius/#page=541&accessor=toc&source=1&view=imagePane,https://resources.huygens.knaw.nl/retroboeken/heinsius/#page=541&accessor=toc&source=1&view=pdfPane,https://resources.huygens.knaw.nl/retroboeken/heinsius/#page=541&accessor=toc&source=1&view=htmlPane
,https://resources.huygens.knaw.nl/retroboeken/heinsius/#page=542&accessor=toc&source=1&view=imagePane,https://resources.huygens.knaw.nl/retroboeken/heinsius/#page=542&accessor=toc&source=1&view=pdfPane,https://resources.huygens.knaw.nl/retroboeken/heinsius/#page=542&accessor=toc&source=1&view=htmlPane
,https://resources.huygens.knaw.nl/retroboeken/heinsius/#page=543&accessor=toc&source=1&view=imagePane,https://resources.huygens.knaw.nl/retroboeken/heinsius/#page=543&accessor=toc&source=1&view=pdfPane,https://resources.huygens.knaw.nl/retroboeken/heinsius/#page=543&accessor=toc&source=1&view=htmlPane
,https://resources.huygens.knaw.nl/retroboeken/heinsius/#page=544&accessor=toc&source=1&view=imagePane,https://resources.huygens.knaw.nl/retroboeken/heinsius/#page=544&accessor=toc&source=1&view=pdfPane,https://resources.huygens.knaw.nl/retroboeken/heinsius/#page=544&accessor=toc&source=1&view=htmlPane
,https://resources.huygens.knaw.nl/retroboeken/heinsius/#page=545&accessor=toc&source=1&view=imagePane,https://resources.huygens.knaw.nl/retroboeken/heinsius/#page=545&accessor=toc&source=1&view=pdfPane,https://resources.huygens.knaw.nl/retroboeken/heinsius/#page=545&accessor=toc&source=1&view=htmlPane
,https://resources.huygens.knaw.nl/retroboeken/heinsius/#page=546&accessor=toc&source=1&view=imagePane,https://resources.huygens.knaw.nl/retroboeken/heinsius/#page=546&accessor=toc&source=1&view=pdfPane,https://resources.huygens.knaw.nl/retroboeken/heinsius/#page=546&accessor=toc&source=1&view=htmlPane
,https://resources.huygens.knaw.nl/retroboeken/heinsius/#page=547&accessor=toc&source=1&view=imagePane,https://resources.huygens.knaw.nl/retroboeken/heinsius/#page=547&accessor=toc&source=1&view=pdfPane,https://resources.huygens.knaw.nl/retroboeken/heinsius/#page=547&accessor=toc&source=1&view=htmlPane
,https://resources.huygens.knaw.nl/retroboeken/heinsius/#page=548&accessor=toc&source=1&view=imagePane,https://resources.huygens.knaw.nl/retroboeken/heinsius/#page=548&accessor=toc&source=1&view=pdfPane,https://resources.huygens.knaw.nl/retroboeken/heinsius/#page=548&accessor=toc&source=1&view=htmlPane
,https://resources.huygens.knaw.nl/retroboeken/heinsius/#page=549&accessor=toc&source=1&view=imagePane,https://resources.huygens.knaw.nl/retroboeken/heinsius/#page=549&accessor=toc&source=1&view=pdfPane,https://resources.huygens.knaw.nl/retroboeken/heinsius/#page=549&accessor=toc&source=1&view=htmlPane
,https://resources.huygens.knaw.nl/retroboeken/heinsius/#page=550&accessor=toc&source=1&view=imagePane,https://resources.huygens.knaw.nl/retroboeken/heinsius/#page=550&accessor=toc&source=1&view=pdfPane,https://resources.huygens.knaw.nl/retroboeken/heinsius/#page=550&accessor=toc&source=1&view=htmlPane
,https://resources.huygens.knaw.nl/retroboeken/heinsius/#page=551&accessor=toc&source=1&view=imagePane,https://resources.huygens.knaw.nl/retroboeken/heinsius/#page=551&accessor=toc&source=1&view=pdfPane,https://resources.huygens.knaw.nl/retroboeken/heinsius/#page=551&accessor=toc&source=1&view=htmlPane
,https://resources.huygens.knaw.nl/retroboeken/heinsius/#page=552&accessor=toc&source=1&view=imagePane,https://resources.huygens.knaw.nl/retroboeken/heinsius/#page=552&accessor=toc&source=1&view=pdfPane,https://resources.huygens.knaw.nl/retroboeken/heinsius/#page=552&accessor=toc&source=1&view=htmlPane
,https://resources.huygens.knaw.nl/retroboeken/heinsius/#page=553&accessor=toc&source=1&view=imagePane,https://resources.huygens.knaw.nl/retroboeken/heinsius/#page=553&accessor=toc&source=1&view=pdfPane,https://resources.huygens.knaw.nl/retroboeken/heinsius/#page=553&accessor=toc&source=1&view=htmlPane
,https://resources.huygens.knaw.nl/retroboeken/heinsius/#page=554&accessor=toc&source=1&view=imagePane,https://resources.huygens.knaw.nl/retroboeken/heinsius/#page=554&accessor=toc&source=1&view=pdfPane,https://resources.huygens.knaw.nl/retroboeken/heinsius/#page=554&accessor=toc&source=1&view=htmlPane
,https://resources.huygens.knaw.nl/retroboeken/heinsius/#page=555&accessor=toc&source=1&view=imagePane,https://resources.huygens.knaw.nl/retroboeken/heinsius/#page=555&accessor=toc&source=1&view=pdfPane,https://resources.huygens.knaw.nl/retroboeken/heinsius/#page=555&accessor=toc&source=1&view=htmlPane
,https://resources.huygens.knaw.nl/retroboeken/heinsius/#page=556&accessor=toc&source=1&view=imagePane,https://resources.huygens.knaw.nl/retroboeken/heinsius/#page=556&accessor=toc&source=1&view=pdfPane,https://resources.huygens.knaw.nl/retroboeken/heinsius/#page=556&accessor=toc&source=1&view=htmlPane
,https://resources.huygens.knaw.nl/retroboeken/heinsius/#page=557&accessor=toc&source=1&view=imagePane,https://resources.huygens.knaw.nl/retroboeken/heinsius/#page=557&accessor=toc&source=1&view=pdfPane,https://resources.huygens.knaw.nl/retroboeken/heinsius/#page=557&accessor=toc&source=1&view=htmlPane
,https://resources.huygens.knaw.nl/retroboeken/heinsius/#page=558&accessor=toc&source=1&view=imagePane,https://resources.huygens.knaw.nl/retroboeken/heinsius/#page=558&accessor=toc&source=1&view=pdfPane,https://resources.huygens.knaw.nl/retroboeken/heinsius/#page=558&accessor=toc&source=1&view=htmlPane
,https://resources.huygens.knaw.nl/retroboeken/heinsius/#page=559&accessor=toc&source=1&view=imagePane,https://resources.huygens.knaw.nl/retroboeken/heinsius/#page=559&accessor=toc&source=1&view=pdfPane,https://resources.huygens.knaw.nl/retroboeken/heinsius/#page=559&accessor=toc&source=1&view=htmlPane
,https://resources.huygens.knaw.nl/retroboeken/heinsius/#page=560&accessor=toc&source=1&view=imagePane,https://resources.huygens.knaw.nl/retroboeken/heinsius/#page=560&accessor=toc&source=1&view=pdfPane,https://resources.huygens.knaw.nl/retroboeken/heinsius/#page=560&accessor=toc&source=1&view=htmlPane
,https://resources.huygens.knaw.nl/retroboeken/heinsius/#page=561&accessor=toc&source=1&view=imagePane,https://resources.huygens.knaw.nl/retroboeken/heinsius/#page=561&accessor=toc&source=1&view=pdfPane,https://resources.huygens.knaw.nl/retroboeken/heinsius/#page=561&accessor=toc&source=1&view=htmlPane
,https://resources.huygens.knaw.nl/retroboeken/heinsius/#page=562&accessor=toc&source=1&view=imagePane,https://resources.huygens.knaw.nl/retroboeken/heinsius/#page=562&accessor=toc&source=1&view=pdfPane,https://resources.huygens.knaw.nl/retroboeken/heinsius/#page=562&accessor=toc&source=1&view=htmlPane
,https://resources.huygens.knaw.nl/retroboeken/heinsius/#page=563&accessor=toc&source=1&view=imagePane,https://resources.huygens.knaw.nl/retroboeken/heinsius/#page=563&accessor=toc&source=1&view=pdfPane,https://resources.huygens.knaw.nl/retroboeken/heinsius/#page=563&accessor=toc&source=1&view=htmlPane
,https://resources.huygens.knaw.nl/retroboeken/heinsius/#page=564&accessor=toc&source=1&view=imagePane,https://resources.huygens.knaw.nl/retroboeken/heinsius/#page=564&accessor=toc&source=1&view=pdfPane,https://resources.huygens.knaw.nl/retroboeken/heinsius/#page=564&accessor=toc&source=1&view=htmlPane
,https://resources.huygens.knaw.nl/retroboeken/heinsius/#page=565&accessor=toc&source=1&view=imagePane,https://resources.huygens.knaw.nl/retroboeken/heinsius/#page=565&accessor=toc&source=1&view=pdfPane,https://resources.huygens.knaw.nl/retroboeken/heinsius/#page=565&accessor=toc&source=1&view=htmlPane
,https://resources.huygens.knaw.nl/retroboeken/heinsius/#page=566&accessor=toc&source=1&view=imagePane,https://resources.huygens.knaw.nl/retroboeken/heinsius/#page=566&accessor=toc&source=1&view=pdfPane,https://resources.huygens.knaw.nl/retroboeken/heinsius/#page=566&accessor=toc&source=1&view=htmlPane
,https://resources.huygens.knaw.nl/retroboeken/heinsius/#page=567&accessor=toc&source=1&view=imagePane,https://resources.huygens.knaw.nl/retroboeken/heinsius/#page=567&accessor=toc&source=1&view=pdfPane,https://resources.huygens.knaw.nl/retroboeken/heinsius/#page=567&accessor=toc&source=1&view=htmlPane
,https://resources.huygens.knaw.nl/retroboeken/heinsius/#page=568&accessor=toc&source=1&view=imagePane,https://resources.huygens.knaw.nl/retroboeken/heinsius/#page=568&accessor=toc&source=1&view=pdfPane,https://resources.huygens.knaw.nl/retroboeken/heinsius/#page=568&accessor=toc&source=1&view=htmlPane
,https://resources.huygens.knaw.nl/retroboeken/heinsius/#page=569&accessor=toc&source=1&view=imagePane,https://resources.huygens.knaw.nl/retroboeken/heinsius/#page=569&accessor=toc&source=1&view=pdfPane,https://resources.huygens.knaw.nl/retroboeken/heinsius/#page=569&accessor=toc&source=1&view=htmlPane
,https://resources.huygens.knaw.nl/retroboeken/heinsius/#page=570&accessor=toc&source=1&view=imagePane,https://resources.huygens.knaw.nl/retroboeken/heinsius/#page=570&accessor=toc&source=1&view=pdfPane,https://resources.huygens.knaw.nl/retroboeken/heinsius/#page=570&accessor=toc&source=1&view=htmlPane
,https://resources.huygens.knaw.nl/retroboeken/heinsius/#page=571&accessor=toc&source=1&view=imagePane,https://resources.huygens.knaw.nl/retroboeken/heinsius/#page=571&accessor=toc&source=1&view=pdfPane,https://resources.huygens.knaw.nl/retroboeken/heinsius/#page=571&accessor=toc&source=1&view=htmlPane
,https://resources.huygens.knaw.nl/retroboeken/heinsius/#page=572&accessor=toc&source=1&view=imagePane,https://resources.huygens.knaw.nl/retroboeken/heinsius/#page=572&accessor=toc&source=1&view=pdfPane,https://resources.huygens.knaw.nl/retroboeken/heinsius/#page=572&accessor=toc&source=1&view=htmlPane
,https://resources.huygens.knaw.nl/retroboeken/heinsius/#page=573&accessor=toc&source=1&view=imagePane,https://resources.huygens.knaw.nl/retroboeken/heinsius/#page=573&accessor=toc&source=1&view=pdfPane,https://resources.huygens.knaw.nl/retroboeken/heinsius/#page=573&accessor=toc&source=1&view=htmlPane
,https://resources.huygens.knaw.nl/retroboeken/heinsius/#page=574&accessor=toc&source=1&view=imagePane,https://resources.huygens.knaw.nl/retroboeken/heinsius/#page=574&accessor=toc&source=1&view=pdfPane,https://resources.huygens.knaw.nl/retroboeken/heinsius/#page=574&accessor=toc&source=1&view=htmlPane
,https://resources.huygens.knaw.nl/retroboeken/heinsius/#page=575&accessor=toc&source=1&view=imagePane,https://resources.huygens.knaw.nl/retroboeken/heinsius/#page=575&accessor=toc&source=1&view=pdfPane,https://resources.huygens.knaw.nl/retroboeken/heinsius/#page=575&accessor=toc&source=1&view=htmlPane
,https://resources.huygens.knaw.nl/retroboeken/heinsius/#page=576&accessor=toc&source=1&view=imagePane,https://resources.huygens.knaw.nl/retroboeken/heinsius/#page=576&accessor=toc&source=1&view=pdfPane,https://resources.huygens.knaw.nl/retroboeken/heinsius/#page=576&accessor=toc&source=1&view=htmlPane
,https://resources.huygens.knaw.nl/retroboeken/heinsius/#page=577&accessor=toc&source=1&view=imagePane,https://resources.huygens.knaw.nl/retroboeken/heinsius/#page=577&accessor=toc&source=1&view=pdfPane,https://resources.huygens.knaw.nl/retroboeken/heinsius/#page=577&accessor=toc&source=1&view=htmlPane
,https://resources.huygens.knaw.nl/retroboeken/heinsius/#page=578&accessor=toc&source=1&view=imagePane,https://resources.huygens.knaw.nl/retroboeken/heinsius/#page=578&accessor=toc&source=1&view=pdfPane,https://resources.huygens.knaw.nl/retroboeken/heinsius/#page=578&accessor=toc&source=1&view=htmlPane
,https://resources.huygens.knaw.nl/retroboeken/heinsius/#page=579&accessor=toc&source=1&view=imagePane,https://resources.huygens.knaw.nl/retroboeken/heinsius/#page=579&accessor=toc&source=1&view=pdfPane,https://resources.huygens.knaw.nl/retroboeken/heinsius/#page=579&accessor=toc&source=1&view=htmlPane
,https://resources.huygens.knaw.nl/retroboeken/heinsius/#page=580&accessor=toc&source=1&view=imagePane,https://resources.huygens.knaw.nl/retroboeken/heinsius/#page=580&accessor=toc&source=1&view=pdfPane,https://resources.huygens.knaw.nl/retroboeken/heinsius/#page=580&accessor=toc&source=1&view=htmlPane
,https://resources.huygens.knaw.nl/retroboeken/heinsius/#page=581&accessor=toc&source=1&view=imagePane,https://resources.huygens.knaw.nl/retroboeken/heinsius/#page=581&accessor=toc&source=1&view=pdfPane,https://resources.huygens.knaw.nl/retroboeken/heinsius/#page=581&accessor=toc&source=1&view=htmlPane
,https://resources.huygens.knaw.nl/retroboeken/heinsius/#page=582&accessor=toc&source=1&view=imagePane,https://resources.huygens.knaw.nl/retroboeken/heinsius/#page=582&accessor=toc&source=1&view=pdfPane,https://resources.huygens.knaw.nl/retroboeken/heinsius/#page=582&accessor=toc&source=1&view=htmlPane
,https://resources.huygens.knaw.nl/retroboeken/heinsius/#page=583&accessor=toc&source=1&view=imagePane,https://resources.huygens.knaw.nl/retroboeken/heinsius/#page=583&accessor=toc&source=1&view=pdfPane,https://resources.huygens.knaw.nl/retroboeken/heinsius/#page=583&accessor=toc&source=1&view=htmlPane
,https://resources.huygens.knaw.nl/retroboeken/heinsius/#page=584&accessor=toc&source=1&view=imagePane,https://resources.huygens.knaw.nl/retroboeken/heinsius/#page=584&accessor=toc&source=1&view=pdfPane,https://resources.huygens.knaw.nl/retroboeken/heinsius/#page=584&accessor=toc&source=1&view=htmlPane
,https://resources.huygens.knaw.nl/retroboeken/heinsius/#page=585&accessor=toc&source=1&view=imagePane,https://resources.huygens.knaw.nl/retroboeken/heinsius/#page=585&accessor=toc&source=1&view=pdfPane,https://resources.huygens.knaw.nl/retroboeken/heinsius/#page=585&accessor=toc&source=1&view=htmlPane
,https://resources.huygens.knaw.nl/retroboeken/heinsius/#page=586&accessor=toc&source=1&view=imagePane,https://resources.huygens.knaw.nl/retroboeken/heinsius/#page=586&accessor=toc&source=1&view=pdfPane,https://resources.huygens.knaw.nl/retroboeken/heinsius/#page=586&accessor=toc&source=1&view=htmlPane
,https://resources.huygens.knaw.nl/retroboeken/heinsius/#page=587&accessor=toc&source=1&view=imagePane,https://resources.huygens.knaw.nl/retroboeken/heinsius/#page=587&accessor=toc&source=1&view=pdfPane,https://resources.huygens.knaw.nl/retroboeken/heinsius/#page=587&accessor=toc&source=1&view=htmlPane
,https://resources.huygens.knaw.nl/retroboeken/heinsius/#page=588&accessor=toc&source=1&view=imagePane,https://resources.huygens.knaw.nl/retroboeken/heinsius/#page=588&accessor=toc&source=1&view=pdfPane,https://resources.huygens.knaw.nl/retroboeken/heinsius/#page=588&accessor=toc&source=1&view=htmlPane
,https://resources.huygens.knaw.nl/retroboeken/heinsius/#page=589&accessor=toc&source=1&view=imagePane,https://resources.huygens.knaw.nl/retroboeken/heinsius/#page=589&accessor=toc&source=1&view=pdfPane,https://resources.huygens.knaw.nl/retroboeken/heinsius/#page=589&accessor=toc&source=1&view=htmlPane
,https://resources.huygens.knaw.nl/retroboeken/heinsius/#page=590&accessor=toc&source=1&view=imagePane,https://resources.huygens.knaw.nl/retroboeken/heinsius/#page=590&accessor=toc&source=1&view=pdfPane,https://resources.huygens.knaw.nl/retroboeken/heinsius/#page=590&accessor=toc&source=1&view=htmlPane
,https://resources.huygens.knaw.nl/retroboeken/heinsius/#page=591&accessor=toc&source=1&view=imagePane,https://resources.huygens.knaw.nl/retroboeken/heinsius/#page=591&accessor=toc&source=1&view=pdfPane,https://resources.huygens.knaw.nl/retroboeken/heinsius/#page=591&accessor=toc&source=1&view=htmlPane
,https://resources.huygens.knaw.nl/retroboeken/heinsius/#page=592&accessor=toc&source=1&view=imagePane,https://resources.huygens.knaw.nl/retroboeken/heinsius/#page=592&accessor=toc&source=1&view=pdfPane,https://resources.huygens.knaw.nl/retroboeken/heinsius/#page=592&accessor=toc&source=1&view=htmlPane
,https://resources.huygens.knaw.nl/retroboeken/heinsius/#page=593&accessor=toc&source=1&view=imagePane,https://resources.huygens.knaw.nl/retroboeken/heinsius/#page=593&accessor=toc&source=1&view=pdfPane,https://resources.huygens.knaw.nl/retroboeken/heinsius/#page=593&accessor=toc&source=1&view=htmlPane
,https://resources.huygens.knaw.nl/retroboeken/heinsius/#page=594&accessor=toc&source=1&view=imagePane,https://resources.huygens.knaw.nl/retroboeken/heinsius/#page=594&accessor=toc&source=1&view=pdfPane,https://resources.huygens.knaw.nl/retroboeken/heinsius/#page=594&accessor=toc&source=1&view=htmlPane
,https://resources.huygens.knaw.nl/retroboeken/heinsius/#page=595&accessor=toc&source=1&view=imagePane,https://resources.huygens.knaw.nl/retroboeken/heinsius/#page=595&accessor=toc&source=1&view=pdfPane,https://resources.huygens.knaw.nl/retroboeken/heinsius/#page=595&accessor=toc&source=1&view=htmlPane
,https://resources.huygens.knaw.nl/retroboeken/heinsius/#page=596&accessor=toc&source=1&view=imagePane,https://resources.huygens.knaw.nl/retroboeken/heinsius/#page=596&accessor=toc&source=1&view=pdfPane,https://resources.huygens.knaw.nl/retroboeken/heinsius/#page=596&accessor=toc&source=1&view=htmlPane
,https://resources.huygens.knaw.nl/retroboeken/heinsius/#page=597&accessor=toc&source=1&view=imagePane,https://resources.huygens.knaw.nl/retroboeken/heinsius/#page=597&accessor=toc&source=1&view=pdfPane,https://resources.huygens.knaw.nl/retroboeken/heinsius/#page=597&accessor=toc&source=1&view=htmlPane
,https://resources.huygens.knaw.nl/retroboeken/heinsius/#page=598&accessor=toc&source=1&view=imagePane,https://resources.huygens.knaw.nl/retroboeken/heinsius/#page=598&accessor=toc&source=1&view=pdfPane,https://resources.huygens.knaw.nl/retroboeken/heinsius/#page=598&accessor=toc&source=1&view=htmlPane
,https://resources.huygens.knaw.nl/retroboeken/heinsius/#page=599&accessor=toc&source=1&view=imagePane,https://resources.huygens.knaw.nl/retroboeken/heinsius/#page=599&accessor=toc&source=1&view=pdfPane,https://resources.huygens.knaw.nl/retroboeken/heinsius/#page=599&accessor=toc&source=1&view=htmlPane
,https://resources.huygens.knaw.nl/retroboeken/heinsius/#page=600&accessor=toc&source=1&view=imagePane,https://resources.huygens.knaw.nl/retroboeken/heinsius/#page=600&accessor=toc&source=1&view=pdfPane,https://resources.huygens.knaw.nl/retroboeken/heinsius/#page=600&accessor=toc&source=1&view=htmlPane
,https://resources.huygens.knaw.nl/retroboeken/heinsius/#page=601&accessor=toc&source=1&view=imagePane,https://resources.huygens.knaw.nl/retroboeken/heinsius/#page=601&accessor=toc&source=1&view=pdfPane,https://resources.huygens.knaw.nl/retroboeken/heinsius/#page=601&accessor=toc&source=1&view=htmlPane
,https://resources.huygens.knaw.nl/retroboeken/heinsius/#page=602&accessor=toc&source=1&view=imagePane,https://resources.huygens.knaw.nl/retroboeken/heinsius/#page=602&accessor=toc&source=1&view=pdfPane,https://resources.huygens.knaw.nl/retroboeken/heinsius/#page=602&accessor=toc&source=1&view=htmlPane
,https://resources.huygens.knaw.nl/retroboeken/heinsius/#page=603&accessor=toc&source=1&view=imagePane,https://resources.huygens.knaw.nl/retroboeken/heinsius/#page=603&accessor=toc&source=1&view=pdfPane,https://resources.huygens.knaw.nl/retroboeken/heinsius/#page=603&accessor=toc&source=1&view=htmlPane
,https://resources.huygens.knaw.nl/retroboeken/heinsius/#page=604&accessor=toc&source=1&view=imagePane,https://resources.huygens.knaw.nl/retroboeken/heinsius/#page=604&accessor=toc&source=1&view=pdfPane,https://resources.huygens.knaw.nl/retroboeken/heinsius/#page=604&accessor=toc&source=1&view=htmlPane
,https://resources.huygens.knaw.nl/retroboeken/heinsius/#page=605&accessor=toc&source=1&view=imagePane,https://resources.huygens.knaw.nl/retroboeken/heinsius/#page=605&accessor=toc&source=1&view=pdfPane,https://resources.huygens.knaw.nl/retroboeken/heinsius/#page=605&accessor=toc&source=1&view=htmlPane
,https://resources.huygens.knaw.nl/retroboeken/heinsius/#page=606&accessor=toc&source=1&view=imagePane,https://resources.huygens.knaw.nl/retroboeken/heinsius/#page=606&accessor=toc&source=1&view=pdfPane,https://resources.huygens.knaw.nl/retroboeken/heinsius/#page=606&accessor=toc&source=1&view=htmlPane
,https://resources.huygens.knaw.nl/retroboeken/heinsius/#page=607&accessor=toc&source=1&view=imagePane,https://resources.huygens.knaw.nl/retroboeken/heinsius/#page=607&accessor=toc&source=1&view=pdfPane,https://resources.huygens.knaw.nl/retroboeken/heinsius/#page=607&accessor=toc&source=1&view=htmlPane
,https://resources.huygens.knaw.nl/retroboeken/heinsius/#page=608&accessor=toc&source=1&view=imagePane,https://resources.huygens.knaw.nl/retroboeken/heinsius/#page=608&accessor=toc&source=1&view=pdfPane,https://resources.huygens.knaw.nl/retroboeken/heinsius/#page=608&accessor=toc&source=1&view=htmlPane
,https://resources.huygens.knaw.nl/retroboeken/heinsius/#page=609&accessor=toc&source=1&view=imagePane,https://resources.huygens.knaw.nl/retroboeken/heinsius/#page=609&accessor=toc&source=1&view=pdfPane,https://resources.huygens.knaw.nl/retroboeken/heinsius/#page=609&accessor=toc&source=1&view=htmlPane
,https://resources.huygens.knaw.nl/retroboeken/heinsius/#page=610&accessor=toc&source=1&view=imagePane,https://resources.huygens.knaw.nl/retroboeken/heinsius/#page=610&accessor=toc&source=1&view=pdfPane,https://resources.huygens.knaw.nl/retroboeken/heinsius/#page=610&accessor=toc&source=1&view=htmlPane
,https://resources.huygens.knaw.nl/retroboeken/heinsius/#page=611&accessor=toc&source=1&view=imagePane,https://resources.huygens.knaw.nl/retroboeken/heinsius/#page=611&accessor=toc&source=1&view=pdfPane,https://resources.huygens.knaw.nl/retroboeken/heinsius/#page=611&accessor=toc&source=1&view=htmlPane
,https://resources.huygens.knaw.nl/retroboeken/heinsius/#page=612&accessor=toc&source=1&view=imagePane,https://resources.huygens.knaw.nl/retroboeken/heinsius/#page=612&accessor=toc&source=1&view=pdfPane,https://resources.huygens.knaw.nl/retroboeken/heinsius/#page=612&accessor=toc&source=1&view=htmlPane
,https://resources.huygens.knaw.nl/retroboeken/heinsius/#page=613&accessor=toc&source=1&view=imagePane,https://resources.huygens.knaw.nl/retroboeken/heinsius/#page=613&accessor=toc&source=1&view=pdfPane,https://resources.huygens.knaw.nl/retroboeken/heinsius/#page=613&accessor=toc&source=1&view=htmlPane
,https://resources.huygens.knaw.nl/retroboeken/heinsius/#page=614&accessor=toc&source=1&view=imagePane,https://resources.huygens.knaw.nl/retroboeken/heinsius/#page=614&accessor=toc&source=1&view=pdfPane,https://resources.huygens.knaw.nl/retroboeken/heinsius/#page=614&accessor=toc&source=1&view=htmlPane
,https://resources.huygens.knaw.nl/retroboeken/heinsius/#page=615&accessor=toc&source=1&view=imagePane,https://resources.huygens.knaw.nl/retroboeken/heinsius/#page=615&accessor=toc&source=1&view=pdfPane,https://resources.huygens.knaw.nl/retroboeken/heinsius/#page=615&accessor=toc&source=1&view=htmlPane
,https://resources.huygens.knaw.nl/retroboeken/heinsius/#page=616&accessor=toc&source=1&view=imagePane,https://resources.huygens.knaw.nl/retroboeken/heinsius/#page=616&accessor=toc&source=1&view=pdfPane,https://resources.huygens.knaw.nl/retroboeken/heinsius/#page=616&accessor=toc&source=1&view=htmlPane
,https://resources.huygens.knaw.nl/retroboeken/heinsius/#page=617&accessor=toc&source=1&view=imagePane,https://resources.huygens.knaw.nl/retroboeken/heinsius/#page=617&accessor=toc&source=1&view=pdfPane,https://resources.huygens.knaw.nl/retroboeken/heinsius/#page=617&accessor=toc&source=1&view=htmlPane
,https://resources.huygens.knaw.nl/retroboeken/heinsius/#page=618&accessor=toc&source=1&view=imagePane,https://resources.huygens.knaw.nl/retroboeken/heinsius/#page=618&accessor=toc&source=1&view=pdfPane,https://resources.huygens.knaw.nl/retroboeken/heinsius/#page=618&accessor=toc&source=1&view=htmlPane
,https://resources.huygens.knaw.nl/retroboeken/heinsius/#page=619&accessor=toc&source=1&view=imagePane,https://resources.huygens.knaw.nl/retroboeken/heinsius/#page=619&accessor=toc&source=1&view=pdfPane,https://resources.huygens.knaw.nl/retroboeken/heinsius/#page=619&accessor=toc&source=1&view=htmlPane
,https://resources.huygens.knaw.nl/retroboeken/heinsius/#page=620&accessor=toc&source=1&view=imagePane,https://resources.huygens.knaw.nl/retroboeken/heinsius/#page=620&accessor=toc&source=1&view=pdfPane,https://resources.huygens.knaw.nl/retroboeken/heinsius/#page=620&accessor=toc&source=1&view=htmlPane
,https://resources.huygens.knaw.nl/retroboeken/heinsius/#page=621&accessor=toc&source=1&view=imagePane,https://resources.huygens.knaw.nl/retroboeken/heinsius/#page=621&accessor=toc&source=1&view=pdfPane,https://resources.huygens.knaw.nl/retroboeken/heinsius/#page=621&accessor=toc&source=1&view=htmlPane
,https://resources.huygens.knaw.nl/retroboeken/heinsius/#page=622&accessor=toc&source=1&view=imagePane,https://resources.huygens.knaw.nl/retroboeken/heinsius/#page=622&accessor=toc&source=1&view=pdfPane,https://resources.huygens.knaw.nl/retroboeken/heinsius/#page=622&accessor=toc&source=1&view=htmlPane
,https://resources.huygens.knaw.nl/retroboeken/heinsius/#page=623&accessor=toc&source=1&view=imagePane,https://resources.huygens.knaw.nl/retroboeken/heinsius/#page=623&accessor=toc&source=1&view=pdfPane,https://resources.huygens.knaw.nl/retroboeken/heinsius/#page=623&accessor=toc&source=1&view=htmlPane
,https://resources.huygens.knaw.nl/retroboeken/heinsius/#page=624&accessor=toc&source=1&view=imagePane,https://resources.huygens.knaw.nl/retroboeken/heinsius/#page=624&accessor=toc&source=1&view=pdfPane,https://resources.huygens.knaw.nl/retroboeken/heinsius/#page=624&accessor=toc&source=1&view=htmlPane
,https://resources.huygens.knaw.nl/retroboeken/heinsius/#page=625&accessor=toc&source=1&view=imagePane,https://resources.huygens.knaw.nl/retroboeken/heinsius/#page=625&accessor=toc&source=1&view=pdfPane,https://resources.huygens.knaw.nl/retroboeken/heinsius/#page=625&accessor=toc&source=1&view=htmlPane
,https://resources.huygens.knaw.nl/retroboeken/heinsius/#page=626&accessor=toc&source=1&view=imagePane,https://resources.huygens.knaw.nl/retroboeken/heinsius/#page=626&accessor=toc&source=1&view=pdfPane,https://resources.huygens.knaw.nl/retroboeken/heinsius/#page=626&accessor=toc&source=1&view=htmlPane
,https://resources.huygens.knaw.nl/retroboeken/heinsius/#page=627&accessor=toc&source=1&view=imagePane,https://resources.huygens.knaw.nl/retroboeken/heinsius/#page=627&accessor=toc&source=1&view=pdfPane,https://resources.huygens.knaw.nl/retroboeken/heinsius/#page=627&accessor=toc&source=1&view=htmlPane
,https://resources.huygens.knaw.nl/retroboeken/heinsius/#page=628&accessor=toc&source=1&view=imagePane,https://resources.huygens.knaw.nl/retroboeken/heinsius/#page=628&accessor=toc&source=1&view=pdfPane,https://resources.huygens.knaw.nl/retroboeken/heinsius/#page=628&accessor=toc&source=1&view=htmlPane
,https://resources.huygens.knaw.nl/retroboeken/heinsius/#page=629&accessor=toc&source=1&view=imagePane,https://resources.huygens.knaw.nl/retroboeken/heinsius/#page=629&accessor=toc&source=1&view=pdfPane,https://resources.huygens.knaw.nl/retroboeken/heinsius/#page=629&accessor=toc&source=1&view=htmlPane
,https://resources.huygens.knaw.nl/retroboeken/heinsius/#page=630&accessor=toc&source=1&view=imagePane,https://resources.huygens.knaw.nl/retroboeken/heinsius/#page=630&accessor=toc&source=1&view=pdfPane,https://resources.huygens.knaw.nl/retroboeken/heinsius/#page=630&accessor=toc&source=1&view=htmlPane
,https://resources.huygens.knaw.nl/retroboeken/heinsius/#page=631&accessor=toc&source=1&view=imagePane,https://resources.huygens.knaw.nl/retroboeken/heinsius/#page=631&accessor=toc&source=1&view=pdfPane,https://resources.huygens.knaw.nl/retroboeken/heinsius/#page=631&accessor=toc&source=1&view=htmlPane
,https://resources.huygens.knaw.nl/retroboeken/heinsius/#page=632&accessor=toc&source=1&view=imagePane,https://resources.huygens.knaw.nl/retroboeken/heinsius/#page=632&accessor=toc&source=1&view=pdfPane,https://resources.huygens.knaw.nl/retroboeken/heinsius/#page=632&accessor=toc&source=1&view=htmlPane
,https://resources.huygens.knaw.nl/retroboeken/heinsius/#page=633&accessor=toc&source=1&view=imagePane,https://resources.huygens.knaw.nl/retroboeken/heinsius/#page=633&accessor=toc&source=1&view=pdfPane,https://resources.huygens.knaw.nl/retroboeken/heinsius/#page=633&accessor=toc&source=1&view=htmlPane
,https://resources.huygens.knaw.nl/retroboeken/heinsius/#page=634&accessor=toc&source=1&view=imagePane,https://resources.huygens.knaw.nl/retroboeken/heinsius/#page=634&accessor=toc&source=1&view=pdfPane,https://resources.huygens.knaw.nl/retroboeken/heinsius/#page=634&accessor=toc&source=1&view=htmlPane
,https://resources.huygens.knaw.nl/retroboeken/heinsius/#page=635&accessor=toc&source=1&view=imagePane,https://resources.huygens.knaw.nl/retroboeken/heinsius/#page=635&accessor=toc&source=1&view=pdfPane,https://resources.huygens.knaw.nl/retroboeken/heinsius/#page=635&accessor=toc&source=1&view=htmlPane
,https://resources.huygens.knaw.nl/retroboeken/heinsius/#page=636&accessor=toc&source=1&view=imagePane,https://resources.huygens.knaw.nl/retroboeken/heinsius/#page=636&accessor=toc&source=1&view=pdfPane,https://resources.huygens.knaw.nl/retroboeken/heinsius/#page=636&accessor=toc&source=1&view=htmlPane
,https://resources.huygens.knaw.nl/retroboeken/heinsius/#page=637&accessor=toc&source=1&view=imagePane,https://resources.huygens.knaw.nl/retroboeken/heinsius/#page=637&accessor=toc&source=1&view=pdfPane,https://resources.huygens.knaw.nl/retroboeken/heinsius/#page=637&accessor=toc&source=1&view=htmlPane
,https://resources.huygens.knaw.nl/retroboeken/heinsius/#page=638&accessor=toc&source=1&view=imagePane,https://resources.huygens.knaw.nl/retroboeken/heinsius/#page=638&accessor=toc&source=1&view=pdfPane,https://resources.huygens.knaw.nl/retroboeken/heinsius/#page=638&accessor=toc&source=1&view=htmlPane
,https://resources.huygens.knaw.nl/retroboeken/heinsius/#page=639&accessor=toc&source=1&view=imagePane,https://resources.huygens.knaw.nl/retroboeken/heinsius/#page=639&accessor=toc&source=1&view=pdfPane,https://resources.huygens.knaw.nl/retroboeken/heinsius/#page=639&accessor=toc&source=1&view=htmlPane
,https://resources.huygens.knaw.nl/retroboeken/heinsius/#page=640&accessor=toc&source=1&view=imagePane,https://resources.huygens.knaw.nl/retroboeken/heinsius/#page=640&accessor=toc&source=1&view=pdfPane,https://resources.huygens.knaw.nl/retroboeken/heinsius/#page=640&accessor=toc&source=1&view=htmlPane
,https://resources.huygens.knaw.nl/retroboeken/heinsius/#page=641&accessor=toc&source=1&view=imagePane,https://resources.huygens.knaw.nl/retroboeken/heinsius/#page=641&accessor=toc&source=1&view=pdfPane,https://resources.huygens.knaw.nl/retroboeken/heinsius/#page=641&accessor=toc&source=1&view=htmlPane
,https://resources.huygens.knaw.nl/retroboeken/heinsius/#page=642&accessor=toc&source=1&view=imagePane,https://resources.huygens.knaw.nl/retroboeken/heinsius/#page=642&accessor=toc&source=1&view=pdfPane,https://resources.huygens.knaw.nl/retroboeken/heinsius/#page=642&accessor=toc&source=1&view=htmlPane
,https://resources.huygens.knaw.nl/retroboeken/heinsius/#page=643&accessor=toc&source=1&view=imagePane,https://resources.huygens.knaw.nl/retroboeken/heinsius/#page=643&accessor=toc&source=1&view=pdfPane,https://resources.huygens.knaw.nl/retroboeken/heinsius/#page=643&accessor=toc&source=1&view=htmlPane
,https://resources.huygens.knaw.nl/retroboeken/heinsius/#page=644&accessor=toc&source=1&view=imagePane,https://resources.huygens.knaw.nl/retroboeken/heinsius/#page=644&accessor=toc&source=1&view=pdfPane,https://resources.huygens.knaw.nl/retroboeken/heinsius/#page=644&accessor=toc&source=1&view=htmlPane
,https://resources.huygens.knaw.nl/retroboeken/heinsius/#page=645&accessor=toc&source=1&view=imagePane,https://resources.huygens.knaw.nl/retroboeken/heinsius/#page=645&accessor=toc&source=1&view=pdfPane,https://resources.huygens.knaw.nl/retroboeken/heinsius/#page=645&accessor=toc&source=1&view=htmlPane
,https://resources.huygens.knaw.nl/retroboeken/heinsius/#page=646&accessor=toc&source=1&view=imagePane,https://resources.huygens.knaw.nl/retroboeken/heinsius/#page=646&accessor=toc&source=1&view=pdfPane,https://resources.huygens.knaw.nl/retroboeken/heinsius/#page=646&accessor=toc&source=1&view=htmlPane
,https://resources.huygens.knaw.nl/retroboeken/heinsius/#page=647&accessor=toc&source=1&view=imagePane,https://resources.huygens.knaw.nl/retroboeken/heinsius/#page=647&accessor=toc&source=1&view=pdfPane,https://resources.huygens.knaw.nl/retroboeken/heinsius/#page=647&accessor=toc&source=1&view=htmlPane
,https://resources.huygens.knaw.nl/retroboeken/heinsius/#page=648&accessor=toc&source=1&view=imagePane,https://resources.huygens.knaw.nl/retroboeken/heinsius/#page=648&accessor=toc&source=1&view=pdfPane,https://resources.huygens.knaw.nl/retroboeken/heinsius/#page=648&accessor=toc&source=1&view=htmlPane
,https://resources.huygens.knaw.nl/retroboeken/heinsius/#page=649&accessor=toc&source=1&view=imagePane,https://resources.huygens.knaw.nl/retroboeken/heinsius/#page=649&accessor=toc&source=1&view=pdfPane,https://resources.huygens.knaw.nl/retroboeken/heinsius/#page=649&accessor=toc&source=1&view=htmlPane
,https://resources.huygens.knaw.nl/retroboeken/heinsius/#page=650&accessor=toc&source=1&view=imagePane,https://resources.huygens.knaw.nl/retroboeken/heinsius/#page=650&accessor=toc&source=1&view=pdfPane,https://resources.huygens.knaw.nl/retroboeken/heinsius/#page=650&accessor=toc&source=1&view=htmlPane
,https://resources.huygens.knaw.nl/retroboeken/heinsius/#page=651&accessor=toc&source=1&view=imagePane,https://resources.huygens.knaw.nl/retroboeken/heinsius/#page=651&accessor=toc&source=1&view=pdfPane,https://resources.huygens.knaw.nl/retroboeken/heinsius/#page=651&accessor=toc&source=1&view=htmlPane
,https://resources.huygens.knaw.nl/retroboeken/heinsius/#page=652&accessor=toc&source=1&view=imagePane,https://resources.huygens.knaw.nl/retroboeken/heinsius/#page=652&accessor=toc&source=1&view=pdfPane,https://resources.huygens.knaw.nl/retroboeken/heinsius/#page=652&accessor=toc&source=1&view=htmlPane
,https://resources.huygens.knaw.nl/retroboeken/heinsius/#page=653&accessor=toc&source=1&view=imagePane,https://resources.huygens.knaw.nl/retroboeken/heinsius/#page=653&accessor=toc&source=1&view=pdfPane,https://resources.huygens.knaw.nl/retroboeken/heinsius/#page=653&accessor=toc&source=1&view=htmlPane
,https://resources.huygens.knaw.nl/retroboeken/heinsius/#page=654&accessor=toc&source=1&view=imagePane,https://resources.huygens.knaw.nl/retroboeken/heinsius/#page=654&accessor=toc&source=1&view=pdfPane,https://resources.huygens.knaw.nl/retroboeken/heinsius/#page=654&accessor=toc&source=1&view=htmlPane
,https://resources.huygens.knaw.nl/retroboeken/heinsius/#page=655&accessor=toc&source=1&view=imagePane,https://resources.huygens.knaw.nl/retroboeken/heinsius/#page=655&accessor=toc&source=1&view=pdfPane,https://resources.huygens.knaw.nl/retroboeken/heinsius/#page=655&accessor=toc&source=1&view=htmlPane
,https://resources.huygens.knaw.nl/retroboeken/heinsius/#page=656&accessor=toc&source=1&view=imagePane,https://resources.huygens.knaw.nl/retroboeken/heinsius/#page=656&accessor=toc&source=1&view=pdfPane,https://resources.huygens.knaw.nl/retroboeken/heinsius/#page=656&accessor=toc&source=1&view=htmlPane
,https://resources.huygens.knaw.nl/retroboeken/heinsius/#page=657&accessor=toc&source=1&view=imagePane,https://resources.huygens.knaw.nl/retroboeken/heinsius/#page=657&accessor=toc&source=1&view=pdfPane,https://resources.huygens.knaw.nl/retroboeken/heinsius/#page=657&accessor=toc&source=1&view=htmlPane
,https://resources.huygens.knaw.nl/retroboeken/heinsius/#page=658&accessor=toc&source=1&view=imagePane,https://resources.huygens.knaw.nl/retroboeken/heinsius/#page=658&accessor=toc&source=1&view=pdfPane,https://resources.huygens.knaw.nl/retroboeken/heinsius/#page=658&accessor=toc&source=1&view=htmlPane
,https://resources.huygens.knaw.nl/retroboeken/heinsius/#page=659&accessor=toc&source=1&view=imagePane,https://resources.huygens.knaw.nl/retroboeken/heinsius/#page=659&accessor=toc&source=1&view=pdfPane,https://resources.huygens.knaw.nl/retroboeken/heinsius/#page=659&accessor=toc&source=1&view=htmlPane
,https://resources.huygens.knaw.nl/retroboeken/heinsius/#page=660&accessor=toc&source=1&view=imagePane,https://resources.huygens.knaw.nl/retroboeken/heinsius/#page=660&accessor=toc&source=1&view=pdfPane,https://resources.huygens.knaw.nl/retroboeken/heinsius/#page=660&accessor=toc&source=1&view=htmlPane
,https://resources.huygens.knaw.nl/retroboeken/heinsius/#page=661&accessor=toc&source=1&view=imagePane,https://resources.huygens.knaw.nl/retroboeken/heinsius/#page=661&accessor=toc&source=1&view=pdfPane,https://resources.huygens.knaw.nl/retroboeken/heinsius/#page=661&accessor=toc&source=1&view=htmlPane
,https://resources.huygens.knaw.nl/retroboeken/heinsius/#page=662&accessor=toc&source=1&view=imagePane,https://resources.huygens.knaw.nl/retroboeken/heinsius/#page=662&accessor=toc&source=1&view=pdfPane,https://resources.huygens.knaw.nl/retroboeken/heinsius/#page=662&accessor=toc&source=1&view=htmlPane
,https://resources.huygens.knaw.nl/retroboeken/heinsius/#page=663&accessor=toc&source=1&view=imagePane,https://resources.huygens.knaw.nl/retroboeken/heinsius/#page=663&accessor=toc&source=1&view=pdfPane,https://resources.huygens.knaw.nl/retroboeken/heinsius/#page=663&accessor=toc&source=1&view=htmlPane
,https://resources.huygens.knaw.nl/retroboeken/heinsius/#page=664&accessor=toc&source=1&view=imagePane,https://resources.huygens.knaw.nl/retroboeken/heinsius/#page=664&accessor=toc&source=1&view=pdfPane,https://resources.huygens.knaw.nl/retroboeken/heinsius/#page=664&accessor=toc&source=1&view=htmlPane
,https://resources.huygens.knaw.nl/retroboeken/heinsius/#page=665&accessor=toc&source=1&view=imagePane,https://resources.huygens.knaw.nl/retroboeken/heinsius/#page=665&accessor=toc&source=1&view=pdfPane,https://resources.huygens.knaw.nl/retroboeken/heinsius/#page=665&accessor=toc&source=1&view=htmlPane
,https://resources.huygens.knaw.nl/retroboeken/heinsius/#page=666&accessor=toc&source=1&view=imagePane,https://resources.huygens.knaw.nl/retroboeken/heinsius/#page=666&accessor=toc&source=1&view=pdfPane,https://resources.huygens.knaw.nl/retroboeken/heinsius/#page=666&accessor=toc&source=1&view=htmlPane
,https://resources.huygens.knaw.nl/retroboeken/heinsius/#page=667&accessor=toc&source=1&view=imagePane,https://resources.huygens.knaw.nl/retroboeken/heinsius/#page=667&accessor=toc&source=1&view=pdfPane,https://resources.huygens.knaw.nl/retroboeken/heinsius/#page=667&accessor=toc&source=1&view=htmlPane
,https://resources.huygens.knaw.nl/retroboeken/heinsius/#page=668&accessor=toc&source=1&view=imagePane,https://resources.huygens.knaw.nl/retroboeken/heinsius/#page=668&accessor=toc&source=1&view=pdfPane,https://resources.huygens.knaw.nl/retroboeken/heinsius/#page=668&accessor=toc&source=1&view=htmlPane
,https://resources.huygens.knaw.nl/retroboeken/heinsius/#page=669&accessor=toc&source=1&view=imagePane,https://resources.huygens.knaw.nl/retroboeken/heinsius/#page=669&accessor=toc&source=1&view=pdfPane,https://resources.huygens.knaw.nl/retroboeken/heinsius/#page=669&accessor=toc&source=1&view=htmlPane
,https://resources.huygens.knaw.nl/retroboeken/heinsius/#page=670&accessor=toc&source=1&view=imagePane,https://resources.huygens.knaw.nl/retroboeken/heinsius/#page=670&accessor=toc&source=1&view=pdfPane,https://resources.huygens.knaw.nl/retroboeken/heinsius/#page=670&accessor=toc&source=1&view=htmlPane
,https://resources.huygens.knaw.nl/retroboeken/heinsius/#page=671&accessor=toc&source=1&view=imagePane,https://resources.huygens.knaw.nl/retroboeken/heinsius/#page=671&accessor=toc&source=1&view=pdfPane,https://resources.huygens.knaw.nl/retroboeken/heinsius/#page=671&accessor=toc&source=1&view=htmlPane
,https://resources.huygens.knaw.nl/retroboeken/heinsius/#page=672&accessor=toc&source=1&view=imagePane,https://resources.huygens.knaw.nl/retroboeken/heinsius/#page=672&accessor=toc&source=1&view=pdfPane,https://resources.huygens.knaw.nl/retroboeken/heinsius/#page=672&accessor=toc&source=1&view=htmlPane
,https://resources.huygens.knaw.nl/retroboeken/heinsius/#page=673&accessor=toc&source=1&view=imagePane,https://resources.huygens.knaw.nl/retroboeken/heinsius/#page=673&accessor=toc&source=1&view=pdfPane,https://resources.huygens.knaw.nl/retroboeken/heinsius/#page=673&accessor=toc&source=1&view=htmlPane
,https://resources.huygens.knaw.nl/retroboeken/heinsius/#page=674&accessor=toc&source=1&view=imagePane,https://resources.huygens.knaw.nl/retroboeken/heinsius/#page=674&accessor=toc&source=1&view=pdfPane,https://resources.huygens.knaw.nl/retroboeken/heinsius/#page=674&accessor=toc&source=1&view=htmlPane
,https://resources.huygens.knaw.nl/retroboeken/heinsius/#page=675&accessor=toc&source=1&view=imagePane,https://resources.huygens.knaw.nl/retroboeken/heinsius/#page=675&accessor=toc&source=1&view=pdfPane,https://resources.huygens.knaw.nl/retroboeken/heinsius/#page=675&accessor=toc&source=1&view=htmlPane
,https://resources.huygens.knaw.nl/retroboeken/heinsius/#page=676&accessor=toc&source=1&view=imagePane,https://resources.huygens.knaw.nl/retroboeken/heinsius/#page=676&accessor=toc&source=1&view=pdfPane,https://resources.huygens.knaw.nl/retroboeken/heinsius/#page=676&accessor=toc&source=1&view=htmlPane
,https://resources.huygens.knaw.nl/retroboeken/heinsius/#page=677&accessor=toc&source=1&view=imagePane,https://resources.huygens.knaw.nl/retroboeken/heinsius/#page=677&accessor=toc&source=1&view=pdfPane,https://resources.huygens.knaw.nl/retroboeken/heinsius/#page=677&accessor=toc&source=1&view=htmlPane
,https://resources.huygens.knaw.nl/retroboeken/heinsius/#page=678&accessor=toc&source=1&view=imagePane,https://resources.huygens.knaw.nl/retroboeken/heinsius/#page=678&accessor=toc&source=1&view=pdfPane,https://resources.huygens.knaw.nl/retroboeken/heinsius/#page=678&accessor=toc&source=1&view=htmlPane
,https://resources.huygens.knaw.nl/retroboeken/heinsius/#page=679&accessor=toc&source=1&view=imagePane,https://resources.huygens.knaw.nl/retroboeken/heinsius/#page=679&accessor=toc&source=1&view=pdfPane,https://resources.huygens.knaw.nl/retroboeken/heinsius/#page=679&accessor=toc&source=1&view=htmlPane
,https://resources.huygens.knaw.nl/retroboeken/heinsius/#page=680&accessor=toc&source=1&view=imagePane,https://resources.huygens.knaw.nl/retroboeken/heinsius/#page=680&accessor=toc&source=1&view=pdfPane,https://resources.huygens.knaw.nl/retroboeken/heinsius/#page=680&accessor=toc&source=1&view=htmlPane
,https://resources.huygens.knaw.nl/retroboeken/heinsius/#page=681&accessor=toc&source=1&view=imagePane,https://resources.huygens.knaw.nl/retroboeken/heinsius/#page=681&accessor=toc&source=1&view=pdfPane,https://resources.huygens.knaw.nl/retroboeken/heinsius/#page=681&accessor=toc&source=1&view=htmlPane
,https://resources.huygens.knaw.nl/retroboeken/heinsius/#page=682&accessor=toc&source=1&view=imagePane,https://resources.huygens.knaw.nl/retroboeken/heinsius/#page=682&accessor=toc&source=1&view=pdfPane,https://resources.huygens.knaw.nl/retroboeken/heinsius/#page=682&accessor=toc&source=1&view=htmlPane
,https://resources.huygens.knaw.nl/retroboeken/heinsius/#page=683&accessor=toc&source=1&view=imagePane,https://resources.huygens.knaw.nl/retroboeken/heinsius/#page=683&accessor=toc&source=1&view=pdfPane,https://resources.huygens.knaw.nl/retroboeken/heinsius/#page=683&accessor=toc&source=1&view=htmlPane
,https://resources.huygens.knaw.nl/retroboeken/heinsius/#page=684&accessor=toc&source=1&view=imagePane,https://resources.huygens.knaw.nl/retroboeken/heinsius/#page=684&accessor=toc&source=1&view=pdfPane,https://resources.huygens.knaw.nl/retroboeken/heinsius/#page=684&accessor=toc&source=1&view=htmlPane
,https://resources.huygens.knaw.nl/retroboeken/heinsius/#page=685&accessor=toc&source=1&view=imagePane,https://resources.huygens.knaw.nl/retroboeken/heinsius/#page=685&accessor=toc&source=1&view=pdfPane,https://resources.huygens.knaw.nl/retroboeken/heinsius/#page=685&accessor=toc&source=1&view=htmlPane
,https://resources.huygens.knaw.nl/retroboeken/heinsius/#page=686&accessor=toc&source=1&view=imagePane,https://resources.huygens.knaw.nl/retroboeken/heinsius/#page=686&accessor=toc&source=1&view=pdfPane,https://resources.huygens.knaw.nl/retroboeken/heinsius/#page=686&accessor=toc&source=1&view=htmlPane
,https://resources.huygens.knaw.nl/retroboeken/heinsius/#page=687&accessor=toc&source=1&view=imagePane,https://resources.huygens.knaw.nl/retroboeken/heinsius/#page=687&accessor=toc&source=1&view=pdfPane,https://resources.huygens.knaw.nl/retroboeken/heinsius/#page=687&accessor=toc&source=1&view=htmlPane
,https://resources.huygens.knaw.nl/retroboeken/heinsius/#page=688&accessor=toc&source=1&view=imagePane,https://resources.huygens.knaw.nl/retroboeken/heinsius/#page=688&accessor=toc&source=1&view=pdfPane,https://resources.huygens.knaw.nl/retroboeken/heinsius/#page=688&accessor=toc&source=1&view=htmlPane
,https://resources.huygens.knaw.nl/retroboeken/heinsius/#page=689&accessor=toc&source=1&view=imagePane,https://resources.huygens.knaw.nl/retroboeken/heinsius/#page=689&accessor=toc&source=1&view=pdfPane,https://resources.huygens.knaw.nl/retroboeken/heinsius/#page=689&accessor=toc&source=1&view=htmlPane
,https://resources.huygens.knaw.nl/retroboeken/heinsius/#page=690&accessor=toc&source=1&view=imagePane,https://resources.huygens.knaw.nl/retroboeken/heinsius/#page=690&accessor=toc&source=1&view=pdfPane,https://resources.huygens.knaw.nl/retroboeken/heinsius/#page=690&accessor=toc&source=1&view=htmlPane
,https://resources.huygens.knaw.nl/retroboeken/heinsius/#page=691&accessor=toc&source=1&view=imagePane,https://resources.huygens.knaw.nl/retroboeken/heinsius/#page=691&accessor=toc&source=1&view=pdfPane,https://resources.huygens.knaw.nl/retroboeken/heinsius/#page=691&accessor=toc&source=1&view=htmlPane
,https://resources.huygens.knaw.nl/retroboeken/heinsius/#page=692&accessor=toc&source=1&view=imagePane,https://resources.huygens.knaw.nl/retroboeken/heinsius/#page=692&accessor=toc&source=1&view=pdfPane,https://resources.huygens.knaw.nl/retroboeken/heinsius/#page=692&accessor=toc&source=1&view=htmlPane
,https://resources.huygens.knaw.nl/retroboeken/heinsius/#page=693&accessor=toc&source=1&view=imagePane,https://resources.huygens.knaw.nl/retroboeken/heinsius/#page=693&accessor=toc&source=1&view=pdfPane,https://resources.huygens.knaw.nl/retroboeken/heinsius/#page=693&accessor=toc&source=1&view=htmlPane
,https://resources.huygens.knaw.nl/retroboeken/heinsius/#page=694&accessor=toc&source=1&view=imagePane,https://resources.huygens.knaw.nl/retroboeken/heinsius/#page=694&accessor=toc&source=1&view=pdfPane,https://resources.huygens.knaw.nl/retroboeken/heinsius/#page=694&accessor=toc&source=1&view=htmlPane
,https://resources.huygens.knaw.nl/retroboeken/heinsius/#page=695&accessor=toc&source=1&view=imagePane,https://resources.huygens.knaw.nl/retroboeken/heinsius/#page=695&accessor=toc&source=1&view=pdfPane,https://resources.huygens.knaw.nl/retroboeken/heinsius/#page=695&accessor=toc&source=1&view=htmlPane
,https://resources.huygens.knaw.nl/retroboeken/heinsius/#page=696&accessor=toc&source=1&view=imagePane,https://resources.huygens.knaw.nl/retroboeken/heinsius/#page=696&accessor=toc&source=1&view=pdfPane,https://resources.huygens.knaw.nl/retroboeken/heinsius/#page=696&accessor=toc&source=1&view=htmlPane
,https://resources.huygens.knaw.nl/retroboeken/heinsius/#page=697&accessor=toc&source=1&view=imagePane,https://resources.huygens.knaw.nl/retroboeken/heinsius/#page=697&accessor=toc&source=1&view=pdfPane,https://resources.huygens.knaw.nl/retroboeken/heinsius/#page=697&accessor=toc&source=1&view=htmlPane
,https://resources.huygens.knaw.nl/retroboeken/heinsius/#page=698&accessor=toc&source=1&view=imagePane,https://resources.huygens.knaw.nl/retroboeken/heinsius/#page=698&accessor=toc&source=1&view=pdfPane,https://resources.huygens.knaw.nl/retroboeken/heinsius/#page=698&accessor=toc&source=1&view=htmlPane
,https://resources.huygens.knaw.nl/retroboeken/heinsius/#page=699&accessor=toc&source=1&view=imagePane,https://resources.huygens.knaw.nl/retroboeken/heinsius/#page=699&accessor=toc&source=1&view=pdfPane,https://resources.huygens.knaw.nl/retroboeken/heinsius/#page=699&accessor=toc&source=1&view=htmlPane
